"topic_seed_id","series_id","series_name","entry_id","entry_label","mapped_person_concepts","entry_mapping_status","template_id","scene_focus","primary_need_id","topic_seed","generation_method","review_status"
"ST-0001","S01","工作岗位 / 工作方式系列","S01-E01","大厂 / 高强度白领","PF-A05;PF-B06;PF-F01;PF-F02","mapped","T01","恋爱 / 日常时间","NF-N1-02","和「大厂 / 高强度白领」谈恋爱：这份工作每天真正还能留下多少时间给关系？","generated_series_seed","unreviewed"
"ST-0002","S01","工作岗位 / 工作方式系列","S01-E01","大厂 / 高强度白领","PF-A05;PF-B06;PF-F01;PF-F02","mapped","T02","同居 / 作息","NF-N1-05","和「大厂 / 高强度白领」住在一起以后：工作节奏会怎样进入你们的作息和日常？","generated_series_seed","unreviewed"
"ST-0003","S01","工作岗位 / 工作方式系列","S01-E01","大厂 / 高强度白领","PF-A05;PF-B06;PF-F01;PF-F02","mapped","T03","事业机会 / 城市","NF-N1-12","「大厂 / 高强度白领」遇到一次重要职业机会：谁为谁调整城市、时间和计划？","generated_series_seed","unreviewed"
"ST-0004","S01","工作岗位 / 工作方式系列","S01-E01","大厂 / 高强度白领","PF-A05;PF-B06;PF-F01;PF-F02","mapped","T04","育儿 / 家庭责任","NF-N1-07","「大厂 / 高强度白领」有了孩子以后：工作责任和家庭责任怎么同时扛？","generated_series_seed","unreviewed"
"ST-0005","S01","工作岗位 / 工作方式系列","S01-E01","大厂 / 高强度白领","PF-A05;PF-B06;PF-F01;PF-F02","mapped","T05","Crisis / 可靠","NF-N1-07","平时忙可以接受；和「大厂 / 高强度白领」在一起，真正需要对方的时候他能不能出现？","generated_series_seed","unreviewed"
"ST-0006","S01","工作岗位 / 工作方式系列","S01-E01","程序员 / 技术岗","PF-A05;PF-B06;PF-F01","editorial_seed","T01","恋爱 / 日常时间","NF-N1-02","和「程序员 / 技术岗」谈恋爱：这份工作每天真正还能留下多少时间给关系？","generated_series_seed","unreviewed"
"ST-0007","S01","工作岗位 / 工作方式系列","S01-E01","程序员 / 技术岗","PF-A05;PF-B06;PF-F01","editorial_seed","T02","同居 / 作息","NF-N1-05","和「程序员 / 技术岗」住在一起以后：工作节奏会怎样进入你们的作息和日常？","generated_series_seed","unreviewed"
"ST-0008","S01","工作岗位 / 工作方式系列","S01-E01","程序员 / 技术岗","PF-A05;PF-B06;PF-F01","editorial_seed","T03","事业机会 / 城市","NF-N1-12","「程序员 / 技术岗」遇到一次重要职业机会：谁为谁调整城市、时间和计划？","generated_series_seed","unreviewed"
"ST-0009","S01","工作岗位 / 工作方式系列","S01-E01","程序员 / 技术岗","PF-A05;PF-B06;PF-F01","editorial_seed","T04","育儿 / 家庭责任","NF-N1-07","「程序员 / 技术岗」有了孩子以后：工作责任和家庭责任怎么同时扛？","generated_series_seed","unreviewed"
"ST-0010","S01","工作岗位 / 工作方式系列","S01-E01","程序员 / 技术岗","PF-A05;PF-B06;PF-F01","editorial_seed","T05","Crisis / 可靠","NF-N1-07","平时忙可以接受；和「程序员 / 技术岗」在一起，真正需要对方的时候他能不能出现？","generated_series_seed","unreviewed"
"ST-0011","S01","工作岗位 / 工作方式系列","S01-E01","产品 / 项目 / 管理岗","PF-A05;PF-B06;PF-F01","editorial_seed","T01","恋爱 / 日常时间","NF-N1-02","和「产品 / 项目 / 管理岗」谈恋爱：这份工作每天真正还能留下多少时间给关系？","generated_series_seed","unreviewed"
"ST-0012","S01","工作岗位 / 工作方式系列","S01-E01","产品 / 项目 / 管理岗","PF-A05;PF-B06;PF-F01","editorial_seed","T02","同居 / 作息","NF-N1-05","和「产品 / 项目 / 管理岗」住在一起以后：工作节奏会怎样进入你们的作息和日常？","generated_series_seed","unreviewed"
"ST-0013","S01","工作岗位 / 工作方式系列","S01-E01","产品 / 项目 / 管理岗","PF-A05;PF-B06;PF-F01","editorial_seed","T03","事业机会 / 城市","NF-N1-12","「产品 / 项目 / 管理岗」遇到一次重要职业机会：谁为谁调整城市、时间和计划？","generated_series_seed","unreviewed"
"ST-0014","S01","工作岗位 / 工作方式系列","S01-E01","产品 / 项目 / 管理岗","PF-A05;PF-B06;PF-F01","editorial_seed","T04","育儿 / 家庭责任","NF-N1-07","「产品 / 项目 / 管理岗」有了孩子以后：工作责任和家庭责任怎么同时扛？","generated_series_seed","unreviewed"
"ST-0015","S01","工作岗位 / 工作方式系列","S01-E01","产品 / 项目 / 管理岗","PF-A05;PF-B06;PF-F01","editorial_seed","T05","Crisis / 可靠","NF-N1-07","平时忙可以接受；和「产品 / 项目 / 管理岗」在一起，真正需要对方的时候他能不能出现？","generated_series_seed","unreviewed"
"ST-0016","S01","工作岗位 / 工作方式系列","S01-E01","公务员 / 体制内","PF-A05;PF-D05;PF-B06","mapped","T01","恋爱 / 日常时间","NF-N1-02","和「公务员 / 体制内」谈恋爱：这份工作每天真正还能留下多少时间给关系？","generated_series_seed","unreviewed"
"ST-0017","S01","工作岗位 / 工作方式系列","S01-E01","公务员 / 体制内","PF-A05;PF-D05;PF-B06","mapped","T02","同居 / 作息","NF-N1-05","和「公务员 / 体制内」住在一起以后：工作节奏会怎样进入你们的作息和日常？","generated_series_seed","unreviewed"
"ST-0018","S01","工作岗位 / 工作方式系列","S01-E01","公务员 / 体制内","PF-A05;PF-D05;PF-B06","mapped","T03","事业机会 / 城市","NF-N1-12","「公务员 / 体制内」遇到一次重要职业机会：谁为谁调整城市、时间和计划？","generated_series_seed","unreviewed"
"ST-0019","S01","工作岗位 / 工作方式系列","S01-E01","公务员 / 体制内","PF-A05;PF-D05;PF-B06","mapped","T04","育儿 / 家庭责任","NF-N1-07","「公务员 / 体制内」有了孩子以后：工作责任和家庭责任怎么同时扛？","generated_series_seed","unreviewed"
"ST-0020","S01","工作岗位 / 工作方式系列","S01-E01","公务员 / 体制内","PF-A05;PF-D05;PF-B06","mapped","T05","Crisis / 可靠","NF-N1-07","平时忙可以接受；和「公务员 / 体制内」在一起，真正需要对方的时候他能不能出现？","generated_series_seed","unreviewed"
"ST-0021","S01","工作岗位 / 工作方式系列","S01-E01","国企 / 稳定组织","PF-A05;PF-D05","mapped","T01","恋爱 / 日常时间","NF-N1-02","和「国企 / 稳定组织」谈恋爱：这份工作每天真正还能留下多少时间给关系？","generated_series_seed","unreviewed"
"ST-0022","S01","工作岗位 / 工作方式系列","S01-E01","国企 / 稳定组织","PF-A05;PF-D05","mapped","T02","同居 / 作息","NF-N1-05","和「国企 / 稳定组织」住在一起以后：工作节奏会怎样进入你们的作息和日常？","generated_series_seed","unreviewed"
"ST-0023","S01","工作岗位 / 工作方式系列","S01-E01","国企 / 稳定组织","PF-A05;PF-D05","mapped","T03","事业机会 / 城市","NF-N1-12","「国企 / 稳定组织」遇到一次重要职业机会：谁为谁调整城市、时间和计划？","generated_series_seed","unreviewed"
"ST-0024","S01","工作岗位 / 工作方式系列","S01-E01","国企 / 稳定组织","PF-A05;PF-D05","mapped","T04","育儿 / 家庭责任","NF-N1-07","「国企 / 稳定组织」有了孩子以后：工作责任和家庭责任怎么同时扛？","generated_series_seed","unreviewed"
"ST-0025","S01","工作岗位 / 工作方式系列","S01-E01","国企 / 稳定组织","PF-A05;PF-D05","mapped","T05","Crisis / 可靠","NF-N1-07","平时忙可以接受；和「国企 / 稳定组织」在一起，真正需要对方的时候他能不能出现？","generated_series_seed","unreviewed"
"ST-0026","S01","工作岗位 / 工作方式系列","S01-E01","教师","PF-A05;PF-B06","mapped","T01","恋爱 / 日常时间","NF-N1-02","和「教师」谈恋爱：这份工作每天真正还能留下多少时间给关系？","generated_series_seed","unreviewed"
"ST-0027","S01","工作岗位 / 工作方式系列","S01-E01","教师","PF-A05;PF-B06","mapped","T02","同居 / 作息","NF-N1-05","和「教师」住在一起以后：工作节奏会怎样进入你们的作息和日常？","generated_series_seed","unreviewed"
"ST-0028","S01","工作岗位 / 工作方式系列","S01-E01","教师","PF-A05;PF-B06","mapped","T03","事业机会 / 城市","NF-N1-12","「教师」遇到一次重要职业机会：谁为谁调整城市、时间和计划？","generated_series_seed","unreviewed"
"ST-0029","S01","工作岗位 / 工作方式系列","S01-E01","教师","PF-A05;PF-B06","mapped","T04","育儿 / 家庭责任","NF-N1-07","「教师」有了孩子以后：工作责任和家庭责任怎么同时扛？","generated_series_seed","unreviewed"
"ST-0030","S01","工作岗位 / 工作方式系列","S01-E01","教师","PF-A05;PF-B06","mapped","T05","Crisis / 可靠","NF-N1-07","平时忙可以接受；和「教师」在一起，真正需要对方的时候他能不能出现？","generated_series_seed","unreviewed"
"ST-0031","S01","工作岗位 / 工作方式系列","S01-E01","医生 / 医护 / 轮班岗位","PF-A05;PF-B06;PF-F06","editorial_seed","T01","恋爱 / 日常时间","NF-N1-02","和「医生 / 医护 / 轮班岗位」谈恋爱：这份工作每天真正还能留下多少时间给关系？","generated_series_seed","unreviewed"
"ST-0032","S01","工作岗位 / 工作方式系列","S01-E01","医生 / 医护 / 轮班岗位","PF-A05;PF-B06;PF-F06","editorial_seed","T02","同居 / 作息","NF-N1-05","和「医生 / 医护 / 轮班岗位」住在一起以后：工作节奏会怎样进入你们的作息和日常？","generated_series_seed","unreviewed"
"ST-0033","S01","工作岗位 / 工作方式系列","S01-E01","医生 / 医护 / 轮班岗位","PF-A05;PF-B06;PF-F06","editorial_seed","T03","事业机会 / 城市","NF-N1-12","「医生 / 医护 / 轮班岗位」遇到一次重要职业机会：谁为谁调整城市、时间和计划？","generated_series_seed","unreviewed"
"ST-0034","S01","工作岗位 / 工作方式系列","S01-E01","医生 / 医护 / 轮班岗位","PF-A05;PF-B06;PF-F06","editorial_seed","T04","育儿 / 家庭责任","NF-N1-07","「医生 / 医护 / 轮班岗位」有了孩子以后：工作责任和家庭责任怎么同时扛？","generated_series_seed","unreviewed"
"ST-0035","S01","工作岗位 / 工作方式系列","S01-E01","医生 / 医护 / 轮班岗位","PF-A05;PF-B06;PF-F06","editorial_seed","T05","Crisis / 可靠","NF-N1-07","平时忙可以接受；和「医生 / 医护 / 轮班岗位」在一起，真正需要对方的时候他能不能出现？","generated_series_seed","unreviewed"
"ST-0036","S01","工作岗位 / 工作方式系列","S01-E01","销售 / 商务 / 高频社交岗位","PF-A05;PF-F04;PF-B06","editorial_seed","T01","恋爱 / 日常时间","NF-N1-02","和「销售 / 商务 / 高频社交岗位」谈恋爱：这份工作每天真正还能留下多少时间给关系？","generated_series_seed","unreviewed"
"ST-0037","S01","工作岗位 / 工作方式系列","S01-E01","销售 / 商务 / 高频社交岗位","PF-A05;PF-F04;PF-B06","editorial_seed","T02","同居 / 作息","NF-N1-05","和「销售 / 商务 / 高频社交岗位」住在一起以后：工作节奏会怎样进入你们的作息和日常？","generated_series_seed","unreviewed"
"ST-0038","S01","工作岗位 / 工作方式系列","S01-E01","销售 / 商务 / 高频社交岗位","PF-A05;PF-F04;PF-B06","editorial_seed","T03","事业机会 / 城市","NF-N1-12","「销售 / 商务 / 高频社交岗位」遇到一次重要职业机会：谁为谁调整城市、时间和计划？","generated_series_seed","unreviewed"
"ST-0039","S01","工作岗位 / 工作方式系列","S01-E01","销售 / 商务 / 高频社交岗位","PF-A05;PF-F04;PF-B06","editorial_seed","T04","育儿 / 家庭责任","NF-N1-07","「销售 / 商务 / 高频社交岗位」有了孩子以后：工作责任和家庭责任怎么同时扛？","generated_series_seed","unreviewed"
"ST-0040","S01","工作岗位 / 工作方式系列","S01-E01","销售 / 商务 / 高频社交岗位","PF-A05;PF-F04;PF-B06","editorial_seed","T05","Crisis / 可靠","NF-N1-07","平时忙可以接受；和「销售 / 商务 / 高频社交岗位」在一起，真正需要对方的时候他能不能出现？","generated_series_seed","unreviewed"
"ST-0041","S01","工作岗位 / 工作方式系列","S01-E01","金融 / 高收入高压力岗位","PF-A05;PF-A06;PF-F01","editorial_seed","T01","恋爱 / 日常时间","NF-N1-02","和「金融 / 高收入高压力岗位」谈恋爱：这份工作每天真正还能留下多少时间给关系？","generated_series_seed","unreviewed"
"ST-0042","S01","工作岗位 / 工作方式系列","S01-E01","金融 / 高收入高压力岗位","PF-A05;PF-A06;PF-F01","editorial_seed","T02","同居 / 作息","NF-N1-05","和「金融 / 高收入高压力岗位」住在一起以后：工作节奏会怎样进入你们的作息和日常？","generated_series_seed","unreviewed"
"ST-0043","S01","工作岗位 / 工作方式系列","S01-E01","金融 / 高收入高压力岗位","PF-A05;PF-A06;PF-F01","editorial_seed","T03","事业机会 / 城市","NF-N1-12","「金融 / 高收入高压力岗位」遇到一次重要职业机会：谁为谁调整城市、时间和计划？","generated_series_seed","unreviewed"
"ST-0044","S01","工作岗位 / 工作方式系列","S01-E01","金融 / 高收入高压力岗位","PF-A05;PF-A06;PF-F01","editorial_seed","T04","育儿 / 家庭责任","NF-N1-07","「金融 / 高收入高压力岗位」有了孩子以后：工作责任和家庭责任怎么同时扛？","generated_series_seed","unreviewed"
"ST-0045","S01","工作岗位 / 工作方式系列","S01-E01","金融 / 高收入高压力岗位","PF-A05;PF-A06;PF-F01","editorial_seed","T05","Crisis / 可靠","NF-N1-07","平时忙可以接受；和「金融 / 高收入高压力岗位」在一起，真正需要对方的时候他能不能出现？","generated_series_seed","unreviewed"
"ST-0046","S01","工作岗位 / 工作方式系列","S01-E01","创业者 / 小老板","PF-A05;PF-B04;PF-D01;PF-F01","mapped","T01","恋爱 / 日常时间","NF-N1-02","和「创业者 / 小老板」谈恋爱：这份工作每天真正还能留下多少时间给关系？","generated_series_seed","unreviewed"
"ST-0047","S01","工作岗位 / 工作方式系列","S01-E01","创业者 / 小老板","PF-A05;PF-B04;PF-D01;PF-F01","mapped","T02","同居 / 作息","NF-N1-05","和「创业者 / 小老板」住在一起以后：工作节奏会怎样进入你们的作息和日常？","generated_series_seed","unreviewed"
"ST-0048","S01","工作岗位 / 工作方式系列","S01-E01","创业者 / 小老板","PF-A05;PF-B04;PF-D01;PF-F01","mapped","T03","事业机会 / 城市","NF-N1-12","「创业者 / 小老板」遇到一次重要职业机会：谁为谁调整城市、时间和计划？","generated_series_seed","unreviewed"
"ST-0049","S01","工作岗位 / 工作方式系列","S01-E01","创业者 / 小老板","PF-A05;PF-B04;PF-D01;PF-F01","mapped","T04","育儿 / 家庭责任","NF-N1-07","「创业者 / 小老板」有了孩子以后：工作责任和家庭责任怎么同时扛？","generated_series_seed","unreviewed"
"ST-0050","S01","工作岗位 / 工作方式系列","S01-E01","创业者 / 小老板","PF-A05;PF-B04;PF-D01;PF-F01","mapped","T05","Crisis / 可靠","NF-N1-07","平时忙可以接受；和「创业者 / 小老板」在一起，真正需要对方的时候他能不能出现？","generated_series_seed","unreviewed"
"ST-0051","S01","工作岗位 / 工作方式系列","S01-E01","自由职业 / 灵活工作","PF-A05;PF-B06;PF-D04","editorial_seed","T01","恋爱 / 日常时间","NF-N1-02","和「自由职业 / 灵活工作」谈恋爱：这份工作每天真正还能留下多少时间给关系？","generated_series_seed","unreviewed"
"ST-0052","S01","工作岗位 / 工作方式系列","S01-E01","自由职业 / 灵活工作","PF-A05;PF-B06;PF-D04","editorial_seed","T02","同居 / 作息","NF-N1-05","和「自由职业 / 灵活工作」住在一起以后：工作节奏会怎样进入你们的作息和日常？","generated_series_seed","unreviewed"
"ST-0053","S01","工作岗位 / 工作方式系列","S01-E01","自由职业 / 灵活工作","PF-A05;PF-B06;PF-D04","editorial_seed","T03","事业机会 / 城市","NF-N1-12","「自由职业 / 灵活工作」遇到一次重要职业机会：谁为谁调整城市、时间和计划？","generated_series_seed","unreviewed"
"ST-0054","S01","工作岗位 / 工作方式系列","S01-E01","自由职业 / 灵活工作","PF-A05;PF-B06;PF-D04","editorial_seed","T04","育儿 / 家庭责任","NF-N1-07","「自由职业 / 灵活工作」有了孩子以后：工作责任和家庭责任怎么同时扛？","generated_series_seed","unreviewed"
"ST-0055","S01","工作岗位 / 工作方式系列","S01-E01","自由职业 / 灵活工作","PF-A05;PF-B06;PF-D04","editorial_seed","T05","Crisis / 可靠","NF-N1-07","平时忙可以接受；和「自由职业 / 灵活工作」在一起，真正需要对方的时候他能不能出现？","generated_series_seed","unreviewed"
"ST-0056","S01","工作岗位 / 工作方式系列","S01-E01","高频出差 / 外派岗位","PF-B06;PF-F02;PF-B01","mapped","T01","恋爱 / 日常时间","NF-N1-02","和「高频出差 / 外派岗位」谈恋爱：这份工作每天真正还能留下多少时间给关系？","generated_series_seed","unreviewed"
"ST-0057","S01","工作岗位 / 工作方式系列","S01-E01","高频出差 / 外派岗位","PF-B06;PF-F02;PF-B01","mapped","T02","同居 / 作息","NF-N1-05","和「高频出差 / 外派岗位」住在一起以后：工作节奏会怎样进入你们的作息和日常？","generated_series_seed","unreviewed"
"ST-0058","S01","工作岗位 / 工作方式系列","S01-E01","高频出差 / 外派岗位","PF-B06;PF-F02;PF-B01","mapped","T03","事业机会 / 城市","NF-N1-12","「高频出差 / 外派岗位」遇到一次重要职业机会：谁为谁调整城市、时间和计划？","generated_series_seed","unreviewed"
"ST-0059","S01","工作岗位 / 工作方式系列","S01-E01","高频出差 / 外派岗位","PF-B06;PF-F02;PF-B01","mapped","T04","育儿 / 家庭责任","NF-N1-07","「高频出差 / 外派岗位」有了孩子以后：工作责任和家庭责任怎么同时扛？","generated_series_seed","unreviewed"
"ST-0060","S01","工作岗位 / 工作方式系列","S01-E01","高频出差 / 外派岗位","PF-B06;PF-F02;PF-B01","mapped","T05","Crisis / 可靠","NF-N1-07","平时忙可以接受；和「高频出差 / 外派岗位」在一起，真正需要对方的时候他能不能出现？","generated_series_seed","unreviewed"
"ST-0061","S01","工作岗位 / 工作方式系列","S01-E01","夜班 / 轮班工作","PF-B06;PF-F06","mapped","T01","恋爱 / 日常时间","NF-N1-02","和「夜班 / 轮班工作」谈恋爱：这份工作每天真正还能留下多少时间给关系？","generated_series_seed","unreviewed"
"ST-0062","S01","工作岗位 / 工作方式系列","S01-E01","夜班 / 轮班工作","PF-B06;PF-F06","mapped","T02","同居 / 作息","NF-N1-05","和「夜班 / 轮班工作」住在一起以后：工作节奏会怎样进入你们的作息和日常？","generated_series_seed","unreviewed"
"ST-0063","S01","工作岗位 / 工作方式系列","S01-E01","夜班 / 轮班工作","PF-B06;PF-F06","mapped","T03","事业机会 / 城市","NF-N1-12","「夜班 / 轮班工作」遇到一次重要职业机会：谁为谁调整城市、时间和计划？","generated_series_seed","unreviewed"
"ST-0064","S01","工作岗位 / 工作方式系列","S01-E01","夜班 / 轮班工作","PF-B06;PF-F06","mapped","T04","育儿 / 家庭责任","NF-N1-07","「夜班 / 轮班工作」有了孩子以后：工作责任和家庭责任怎么同时扛？","generated_series_seed","unreviewed"
"ST-0065","S01","工作岗位 / 工作方式系列","S01-E01","夜班 / 轮班工作","PF-B06;PF-F06","mapped","T05","Crisis / 可靠","NF-N1-07","平时忙可以接受；和「夜班 / 轮班工作」在一起，真正需要对方的时候他能不能出现？","generated_series_seed","unreviewed"
"ST-0066","S01","工作岗位 / 工作方式系列","S01-E01","工作清闲 / 低事业投入","PF-F01;PF-D05","mapped","T01","恋爱 / 日常时间","NF-N1-02","和「工作清闲 / 低事业投入」谈恋爱：这份工作每天真正还能留下多少时间给关系？","generated_series_seed","unreviewed"
"ST-0067","S01","工作岗位 / 工作方式系列","S01-E01","工作清闲 / 低事业投入","PF-F01;PF-D05","mapped","T02","同居 / 作息","NF-N1-05","和「工作清闲 / 低事业投入」住在一起以后：工作节奏会怎样进入你们的作息和日常？","generated_series_seed","unreviewed"
"ST-0068","S01","工作岗位 / 工作方式系列","S01-E01","工作清闲 / 低事业投入","PF-F01;PF-D05","mapped","T03","事业机会 / 城市","NF-N1-12","「工作清闲 / 低事业投入」遇到一次重要职业机会：谁为谁调整城市、时间和计划？","generated_series_seed","unreviewed"
"ST-0069","S01","工作岗位 / 工作方式系列","S01-E01","工作清闲 / 低事业投入","PF-F01;PF-D05","mapped","T04","育儿 / 家庭责任","NF-N1-07","「工作清闲 / 低事业投入」有了孩子以后：工作责任和家庭责任怎么同时扛？","generated_series_seed","unreviewed"
"ST-0070","S01","工作岗位 / 工作方式系列","S01-E01","工作清闲 / 低事业投入","PF-F01;PF-D05","mapped","T05","Crisis / 可靠","NF-N1-07","平时忙可以接受；和「工作清闲 / 低事业投入」在一起，真正需要对方的时候他能不能出现？","generated_series_seed","unreviewed"
"ST-0071","S01","工作岗位 / 工作方式系列","S01-E01","双城 / 长期异地工作","PF-B01;PF-B06","mapped","T01","恋爱 / 日常时间","NF-N1-02","和「双城 / 长期异地工作」谈恋爱：这份工作每天真正还能留下多少时间给关系？","generated_series_seed","unreviewed"
"ST-0072","S01","工作岗位 / 工作方式系列","S01-E01","双城 / 长期异地工作","PF-B01;PF-B06","mapped","T02","同居 / 作息","NF-N1-05","和「双城 / 长期异地工作」住在一起以后：工作节奏会怎样进入你们的作息和日常？","generated_series_seed","unreviewed"
"ST-0073","S01","工作岗位 / 工作方式系列","S01-E01","双城 / 长期异地工作","PF-B01;PF-B06","mapped","T03","事业机会 / 城市","NF-N1-12","「双城 / 长期异地工作」遇到一次重要职业机会：谁为谁调整城市、时间和计划？","generated_series_seed","unreviewed"
"ST-0074","S01","工作岗位 / 工作方式系列","S01-E01","双城 / 长期异地工作","PF-B01;PF-B06","mapped","T04","育儿 / 家庭责任","NF-N1-07","「双城 / 长期异地工作」有了孩子以后：工作责任和家庭责任怎么同时扛？","generated_series_seed","unreviewed"
"ST-0075","S01","工作岗位 / 工作方式系列","S01-E01","双城 / 长期异地工作","PF-B01;PF-B06","mapped","T05","Crisis / 可靠","NF-N1-07","平时忙可以接受；和「双城 / 长期异地工作」在一起，真正需要对方的时候他能不能出现？","generated_series_seed","unreviewed"
"ST-0076","S02","性格 / 气质系列","S02-E01","老实","PF-G08;PF-F04;PF-G05","needs_resolution","T01","标签拆解","NF-N1-03","大家都说「老实」的人好相处；这个词真正进入关系以后到底指什么？","generated_series_seed","unreviewed"
"ST-0077","S02","性格 / 气质系列","S02-E01","老实","PF-G08;PF-F04;PF-G05","needs_resolution","T02","冲突","NF-N1-07","「老实」的人遇到真正不同意的事时，会怎么吵、怎么说、怎么处理？","generated_series_seed","unreviewed"
"ST-0078","S02","性格 / 气质系列","S02-E01","老实","PF-G08;PF-F04;PF-G05","needs_resolution","T03","压力","NF-N1-05","平时看起来很「老实」；压力真的上来以后，这个特点还会怎么表现？","generated_series_seed","unreviewed"
"ST-0079","S02","性格 / 气质系列","S02-E01","老实","PF-G08;PF-F04;PF-G05","needs_resolution","T04","Need / Fit","NF-N1-04","同一个「老实」的人，为什么有人觉得很舒服，有人却长期很累？","generated_series_seed","unreviewed"
"ST-0080","S02","性格 / 气质系列","S02-E01","情绪稳定","PF-E03","mapped","T01","标签拆解","NF-N1-03","大家都说「情绪稳定」的人好相处；这个词真正进入关系以后到底指什么？","generated_series_seed","unreviewed"
"ST-0081","S02","性格 / 气质系列","S02-E01","情绪稳定","PF-E03","mapped","T02","冲突","NF-N1-07","「情绪稳定」的人遇到真正不同意的事时，会怎么吵、怎么说、怎么处理？","generated_series_seed","unreviewed"
"ST-0082","S02","性格 / 气质系列","S02-E01","情绪稳定","PF-E03","mapped","T03","压力","NF-N1-05","平时看起来很「情绪稳定」；压力真的上来以后，这个特点还会怎么表现？","generated_series_seed","unreviewed"
"ST-0083","S02","性格 / 气质系列","S02-E01","情绪稳定","PF-E03","mapped","T04","Need / Fit","NF-N1-04","同一个「情绪稳定」的人，为什么有人觉得很舒服，有人却长期很累？","generated_series_seed","unreviewed"
"ST-0084","S02","性格 / 气质系列","S02-E01","理性","PF-E02;PF-E03","mapped","T01","标签拆解","NF-N1-03","大家都说「理性」的人好相处；这个词真正进入关系以后到底指什么？","generated_series_seed","unreviewed"
"ST-0085","S02","性格 / 气质系列","S02-E01","理性","PF-E02;PF-E03","mapped","T02","冲突","NF-N1-07","「理性」的人遇到真正不同意的事时，会怎么吵、怎么说、怎么处理？","generated_series_seed","unreviewed"
"ST-0086","S02","性格 / 气质系列","S02-E01","理性","PF-E02;PF-E03","mapped","T03","压力","NF-N1-05","平时看起来很「理性」；压力真的上来以后，这个特点还会怎么表现？","generated_series_seed","unreviewed"
"ST-0087","S02","性格 / 气质系列","S02-E01","理性","PF-E02;PF-E03","mapped","T04","Need / Fit","NF-N1-04","同一个「理性」的人，为什么有人觉得很舒服，有人却长期很累？","generated_series_seed","unreviewed"
"ST-0088","S02","性格 / 气质系列","S02-E01","强势 / 有主见","PF-G09;PF-E02","mapped","T01","标签拆解","NF-N1-03","大家都说「强势 / 有主见」的人好相处；这个词真正进入关系以后到底指什么？","generated_series_seed","unreviewed"
"ST-0089","S02","性格 / 气质系列","S02-E01","强势 / 有主见","PF-G09;PF-E02","mapped","T02","冲突","NF-N1-07","「强势 / 有主见」的人遇到真正不同意的事时，会怎么吵、怎么说、怎么处理？","generated_series_seed","unreviewed"
"ST-0090","S02","性格 / 气质系列","S02-E01","强势 / 有主见","PF-G09;PF-E02","mapped","T03","压力","NF-N1-05","平时看起来很「强势 / 有主见」；压力真的上来以后，这个特点还会怎么表现？","generated_series_seed","unreviewed"
"ST-0091","S02","性格 / 气质系列","S02-E01","强势 / 有主见","PF-G09;PF-E02","mapped","T04","Need / Fit","NF-N1-04","同一个「强势 / 有主见」的人，为什么有人觉得很舒服，有人却长期很累？","generated_series_seed","unreviewed"
"ST-0092","S02","性格 / 气质系列","S02-E01","随和 / 脾气好","PF-G05;PF-E03","mapped","T01","标签拆解","NF-N1-03","大家都说「随和 / 脾气好」的人好相处；这个词真正进入关系以后到底指什么？","generated_series_seed","unreviewed"
"ST-0093","S02","性格 / 气质系列","S02-E01","随和 / 脾气好","PF-G05;PF-E03","mapped","T02","冲突","NF-N1-07","「随和 / 脾气好」的人遇到真正不同意的事时，会怎么吵、怎么说、怎么处理？","generated_series_seed","unreviewed"
"ST-0094","S02","性格 / 气质系列","S02-E01","随和 / 脾气好","PF-G05;PF-E03","mapped","T03","压力","NF-N1-05","平时看起来很「随和 / 脾气好」；压力真的上来以后，这个特点还会怎么表现？","generated_series_seed","unreviewed"
"ST-0095","S02","性格 / 气质系列","S02-E01","随和 / 脾气好","PF-G05;PF-E03","mapped","T04","Need / Fit","NF-N1-04","同一个「随和 / 脾气好」的人，为什么有人觉得很舒服，有人却长期很累？","generated_series_seed","unreviewed"
"ST-0096","S02","性格 / 气质系列","S02-E01","敏感","PF-E03;PF-G01","needs_resolution","T01","标签拆解","NF-N1-03","大家都说「敏感」的人好相处；这个词真正进入关系以后到底指什么？","generated_series_seed","unreviewed"
"ST-0097","S02","性格 / 气质系列","S02-E01","敏感","PF-E03;PF-G01","needs_resolution","T02","冲突","NF-N1-07","「敏感」的人遇到真正不同意的事时，会怎么吵、怎么说、怎么处理？","generated_series_seed","unreviewed"
"ST-0098","S02","性格 / 气质系列","S02-E01","敏感","PF-E03;PF-G01","needs_resolution","T03","压力","NF-N1-05","平时看起来很「敏感」；压力真的上来以后，这个特点还会怎么表现？","generated_series_seed","unreviewed"
"ST-0099","S02","性格 / 气质系列","S02-E01","敏感","PF-E03;PF-G01","needs_resolution","T04","Need / Fit","NF-N1-04","同一个「敏感」的人，为什么有人觉得很舒服，有人却长期很累？","generated_series_seed","unreviewed"
"ST-0100","S02","性格 / 气质系列","S02-E01","内向","PF-F04","needs_resolution","T01","标签拆解","NF-N1-03","大家都说「内向」的人好相处；这个词真正进入关系以后到底指什么？","generated_series_seed","unreviewed"
"ST-0101","S02","性格 / 气质系列","S02-E01","内向","PF-F04","needs_resolution","T02","冲突","NF-N1-07","「内向」的人遇到真正不同意的事时，会怎么吵、怎么说、怎么处理？","generated_series_seed","unreviewed"
"ST-0102","S02","性格 / 气质系列","S02-E01","内向","PF-F04","needs_resolution","T03","压力","NF-N1-05","平时看起来很「内向」；压力真的上来以后，这个特点还会怎么表现？","generated_series_seed","unreviewed"
"ST-0103","S02","性格 / 气质系列","S02-E01","内向","PF-F04","needs_resolution","T04","Need / Fit","NF-N1-04","同一个「内向」的人，为什么有人觉得很舒服，有人却长期很累？","generated_series_seed","unreviewed"
"ST-0104","S02","性格 / 气质系列","S02-E01","外向","PF-F04","needs_resolution","T01","标签拆解","NF-N1-03","大家都说「外向」的人好相处；这个词真正进入关系以后到底指什么？","generated_series_seed","unreviewed"
"ST-0105","S02","性格 / 气质系列","S02-E01","外向","PF-F04","needs_resolution","T02","冲突","NF-N1-07","「外向」的人遇到真正不同意的事时，会怎么吵、怎么说、怎么处理？","generated_series_seed","unreviewed"
"ST-0106","S02","性格 / 气质系列","S02-E01","外向","PF-F04","needs_resolution","T03","压力","NF-N1-05","平时看起来很「外向」；压力真的上来以后，这个特点还会怎么表现？","generated_series_seed","unreviewed"
"ST-0107","S02","性格 / 气质系列","S02-E01","外向","PF-F04","needs_resolution","T04","Need / Fit","NF-N1-04","同一个「外向」的人，为什么有人觉得很舒服，有人却长期很累？","generated_series_seed","unreviewed"
"ST-0108","S02","性格 / 气质系列","S02-E01","慢热","PF-G01;PF-F04","needs_resolution","T01","标签拆解","NF-N1-03","大家都说「慢热」的人好相处；这个词真正进入关系以后到底指什么？","generated_series_seed","unreviewed"
"ST-0109","S02","性格 / 气质系列","S02-E01","慢热","PF-G01;PF-F04","needs_resolution","T02","冲突","NF-N1-07","「慢热」的人遇到真正不同意的事时，会怎么吵、怎么说、怎么处理？","generated_series_seed","unreviewed"
"ST-0110","S02","性格 / 气质系列","S02-E01","慢热","PF-G01;PF-F04","needs_resolution","T03","压力","NF-N1-05","平时看起来很「慢热」；压力真的上来以后，这个特点还会怎么表现？","generated_series_seed","unreviewed"
"ST-0111","S02","性格 / 气质系列","S02-E01","慢热","PF-G01;PF-F04","needs_resolution","T04","Need / Fit","NF-N1-04","同一个「慢热」的人，为什么有人觉得很舒服，有人却长期很累？","generated_series_seed","unreviewed"
"ST-0112","S02","性格 / 气质系列","S02-E01","开朗","PF-F04;PF-G01","needs_resolution","T01","标签拆解","NF-N1-03","大家都说「开朗」的人好相处；这个词真正进入关系以后到底指什么？","generated_series_seed","unreviewed"
"ST-0113","S02","性格 / 气质系列","S02-E01","开朗","PF-F04;PF-G01","needs_resolution","T02","冲突","NF-N1-07","「开朗」的人遇到真正不同意的事时，会怎么吵、怎么说、怎么处理？","generated_series_seed","unreviewed"
"ST-0114","S02","性格 / 气质系列","S02-E01","开朗","PF-F04;PF-G01","needs_resolution","T03","压力","NF-N1-05","平时看起来很「开朗」；压力真的上来以后，这个特点还会怎么表现？","generated_series_seed","unreviewed"
"ST-0115","S02","性格 / 气质系列","S02-E01","开朗","PF-F04;PF-G01","needs_resolution","T04","Need / Fit","NF-N1-04","同一个「开朗」的人，为什么有人觉得很舒服，有人却长期很累？","generated_series_seed","unreviewed"
"ST-0116","S02","性格 / 气质系列","S02-E01","完美主义","PF-F08;PF-E02","needs_resolution","T01","标签拆解","NF-N1-03","大家都说「完美主义」的人好相处；这个词真正进入关系以后到底指什么？","generated_series_seed","unreviewed"
"ST-0117","S02","性格 / 气质系列","S02-E01","完美主义","PF-F08;PF-E02","needs_resolution","T02","冲突","NF-N1-07","「完美主义」的人遇到真正不同意的事时，会怎么吵、怎么说、怎么处理？","generated_series_seed","unreviewed"
"ST-0118","S02","性格 / 气质系列","S02-E01","完美主义","PF-F08;PF-E02","needs_resolution","T03","压力","NF-N1-05","平时看起来很「完美主义」；压力真的上来以后，这个特点还会怎么表现？","generated_series_seed","unreviewed"
"ST-0119","S02","性格 / 气质系列","S02-E01","完美主义","PF-F08;PF-E02","needs_resolution","T04","Need / Fit","NF-N1-04","同一个「完美主义」的人，为什么有人觉得很舒服，有人却长期很累？","generated_series_seed","unreviewed"
"ST-0120","S02","性格 / 气质系列","S02-E01","谨慎","PF-D05;PF-F08","needs_resolution","T01","标签拆解","NF-N1-03","大家都说「谨慎」的人好相处；这个词真正进入关系以后到底指什么？","generated_series_seed","unreviewed"
"ST-0121","S02","性格 / 气质系列","S02-E01","谨慎","PF-D05;PF-F08","needs_resolution","T02","冲突","NF-N1-07","「谨慎」的人遇到真正不同意的事时，会怎么吵、怎么说、怎么处理？","generated_series_seed","unreviewed"
"ST-0122","S02","性格 / 气质系列","S02-E01","谨慎","PF-D05;PF-F08","needs_resolution","T03","压力","NF-N1-05","平时看起来很「谨慎」；压力真的上来以后，这个特点还会怎么表现？","generated_series_seed","unreviewed"
"ST-0123","S02","性格 / 气质系列","S02-E01","谨慎","PF-D05;PF-F08","needs_resolution","T04","Need / Fit","NF-N1-04","同一个「谨慎」的人，为什么有人觉得很舒服，有人却长期很累？","generated_series_seed","unreviewed"
"ST-0124","S02","性格 / 气质系列","S02-E01","冒险","PF-D04;PF-D03","needs_resolution","T01","标签拆解","NF-N1-03","大家都说「冒险」的人好相处；这个词真正进入关系以后到底指什么？","generated_series_seed","unreviewed"
"ST-0125","S02","性格 / 气质系列","S02-E01","冒险","PF-D04;PF-D03","needs_resolution","T02","冲突","NF-N1-07","「冒险」的人遇到真正不同意的事时，会怎么吵、怎么说、怎么处理？","generated_series_seed","unreviewed"
"ST-0126","S02","性格 / 气质系列","S02-E01","冒险","PF-D04;PF-D03","needs_resolution","T03","压力","NF-N1-05","平时看起来很「冒险」；压力真的上来以后，这个特点还会怎么表现？","generated_series_seed","unreviewed"
"ST-0127","S02","性格 / 气质系列","S02-E01","冒险","PF-D04;PF-D03","needs_resolution","T04","Need / Fit","NF-N1-04","同一个「冒险」的人，为什么有人觉得很舒服，有人却长期很累？","generated_series_seed","unreviewed"
"ST-0128","S02","性格 / 气质系列","S02-E01","浪漫","PF-F07","needs_resolution","T01","标签拆解","NF-N1-03","大家都说「浪漫」的人好相处；这个词真正进入关系以后到底指什么？","generated_series_seed","unreviewed"
"ST-0129","S02","性格 / 气质系列","S02-E01","浪漫","PF-F07","needs_resolution","T02","冲突","NF-N1-07","「浪漫」的人遇到真正不同意的事时，会怎么吵、怎么说、怎么处理？","generated_series_seed","unreviewed"
"ST-0130","S02","性格 / 气质系列","S02-E01","浪漫","PF-F07","needs_resolution","T03","压力","NF-N1-05","平时看起来很「浪漫」；压力真的上来以后，这个特点还会怎么表现？","generated_series_seed","unreviewed"
"ST-0131","S02","性格 / 气质系列","S02-E01","浪漫","PF-F07","needs_resolution","T04","Need / Fit","NF-N1-04","同一个「浪漫」的人，为什么有人觉得很舒服，有人却长期很累？","generated_series_seed","unreviewed"
"ST-0132","S02","性格 / 气质系列","S02-E01","有趣 / 幽默","PF-F07;PF-F04","needs_resolution","T01","标签拆解","NF-N1-03","大家都说「有趣 / 幽默」的人好相处；这个词真正进入关系以后到底指什么？","generated_series_seed","unreviewed"
"ST-0133","S02","性格 / 气质系列","S02-E01","有趣 / 幽默","PF-F07;PF-F04","needs_resolution","T02","冲突","NF-N1-07","「有趣 / 幽默」的人遇到真正不同意的事时，会怎么吵、怎么说、怎么处理？","generated_series_seed","unreviewed"
"ST-0134","S02","性格 / 气质系列","S02-E01","有趣 / 幽默","PF-F07;PF-F04","needs_resolution","T03","压力","NF-N1-05","平时看起来很「有趣 / 幽默」；压力真的上来以后，这个特点还会怎么表现？","generated_series_seed","unreviewed"
"ST-0135","S02","性格 / 气质系列","S02-E01","有趣 / 幽默","PF-F07;PF-F04","needs_resolution","T04","Need / Fit","NF-N1-04","同一个「有趣 / 幽默」的人，为什么有人觉得很舒服，有人却长期很累？","generated_series_seed","unreviewed"
"ST-0136","S03","生活方式 / 习惯系列","S03-E01","自律","PF-F05;PF-F06;PF-F08","mapped","T01","结果与生活方式","NF-N1-09","你喜欢「自律」这个特点，还是喜欢它最后带来的结果？","generated_series_seed","unreviewed"
"ST-0137","S03","生活方式 / 习惯系列","S03-E01","自律","PF-F05;PF-F06;PF-F08","mapped","T02","同居 / 高频日常","NF-N1-04","和一个「自律」的人同居以后，这个习惯每天会怎样占用时间、钱和空间？","generated_series_seed","unreviewed"
"ST-0138","S03","生活方式 / 习惯系列","S03-E01","自律","PF-F05;PF-F06;PF-F08","mapped","T03","人生阶段变化","NF-N1-07","有了孩子 / 工作变忙以后，「自律」还能不能按原来的方式维持？","generated_series_seed","unreviewed"
"ST-0139","S03","生活方式 / 习惯系列","S03-E01","自律","PF-F05;PF-F06;PF-F08","mapped","T04","Fit","NF-N1-02","如果另一半的生活节奏完全不同，「自律」会变成加分还是摩擦？","generated_series_seed","unreviewed"
"ST-0140","S03","生活方式 / 习惯系列","S03-E01","爱健身","PF-F05","mapped","T01","结果与生活方式","NF-N1-09","你喜欢「爱健身」这个特点，还是喜欢它最后带来的结果？","generated_series_seed","unreviewed"
"ST-0141","S03","生活方式 / 习惯系列","S03-E01","爱健身","PF-F05","mapped","T02","同居 / 高频日常","NF-N1-04","和一个「爱健身」的人同居以后，这个习惯每天会怎样占用时间、钱和空间？","generated_series_seed","unreviewed"
"ST-0142","S03","生活方式 / 习惯系列","S03-E01","爱健身","PF-F05","mapped","T03","人生阶段变化","NF-N1-07","有了孩子 / 工作变忙以后，「爱健身」还能不能按原来的方式维持？","generated_series_seed","unreviewed"
"ST-0143","S03","生活方式 / 习惯系列","S03-E01","爱健身","PF-F05","mapped","T04","Fit","NF-N1-02","如果另一半的生活节奏完全不同，「爱健身」会变成加分还是摩擦？","generated_series_seed","unreviewed"
"ST-0144","S03","生活方式 / 习惯系列","S03-E01","爱旅行","PF-F07","mapped","T01","结果与生活方式","NF-N1-09","你喜欢「爱旅行」这个特点，还是喜欢它最后带来的结果？","generated_series_seed","unreviewed"
"ST-0145","S03","生活方式 / 习惯系列","S03-E01","爱旅行","PF-F07","mapped","T02","同居 / 高频日常","NF-N1-04","和一个「爱旅行」的人同居以后，这个习惯每天会怎样占用时间、钱和空间？","generated_series_seed","unreviewed"
"ST-0146","S03","生活方式 / 习惯系列","S03-E01","爱旅行","PF-F07","mapped","T03","人生阶段变化","NF-N1-07","有了孩子 / 工作变忙以后，「爱旅行」还能不能按原来的方式维持？","generated_series_seed","unreviewed"
"ST-0147","S03","生活方式 / 习惯系列","S03-E01","爱旅行","PF-F07","mapped","T04","Fit","NF-N1-02","如果另一半的生活节奏完全不同，「爱旅行」会变成加分还是摩擦？","generated_series_seed","unreviewed"
"ST-0148","S03","生活方式 / 习惯系列","S03-E01","爱社交","PF-F04","mapped","T01","结果与生活方式","NF-N1-09","你喜欢「爱社交」这个特点，还是喜欢它最后带来的结果？","generated_series_seed","unreviewed"
"ST-0149","S03","生活方式 / 习惯系列","S03-E01","爱社交","PF-F04","mapped","T02","同居 / 高频日常","NF-N1-04","和一个「爱社交」的人同居以后，这个习惯每天会怎样占用时间、钱和空间？","generated_series_seed","unreviewed"
"ST-0150","S03","生活方式 / 习惯系列","S03-E01","爱社交","PF-F04","mapped","T03","人生阶段变化","NF-N1-07","有了孩子 / 工作变忙以后，「爱社交」还能不能按原来的方式维持？","generated_series_seed","unreviewed"
"ST-0151","S03","生活方式 / 习惯系列","S03-E01","爱社交","PF-F04","mapped","T04","Fit","NF-N1-02","如果另一半的生活节奏完全不同，「爱社交」会变成加分还是摩擦？","generated_series_seed","unreviewed"
"ST-0152","S03","生活方式 / 习惯系列","S03-E01","宅","PF-F04;PF-F07","needs_resolution","T01","结果与生活方式","NF-N1-09","你喜欢「宅」这个特点，还是喜欢它最后带来的结果？","generated_series_seed","unreviewed"
"ST-0153","S03","生活方式 / 习惯系列","S03-E01","宅","PF-F04;PF-F07","needs_resolution","T02","同居 / 高频日常","NF-N1-04","和一个「宅」的人同居以后，这个习惯每天会怎样占用时间、钱和空间？","generated_series_seed","unreviewed"
"ST-0154","S03","生活方式 / 习惯系列","S03-E01","宅","PF-F04;PF-F07","needs_resolution","T03","人生阶段变化","NF-N1-07","有了孩子 / 工作变忙以后，「宅」还能不能按原来的方式维持？","generated_series_seed","unreviewed"
"ST-0155","S03","生活方式 / 习惯系列","S03-E01","宅","PF-F04;PF-F07","needs_resolution","T04","Fit","NF-N1-02","如果另一半的生活节奏完全不同，「宅」会变成加分还是摩擦？","generated_series_seed","unreviewed"
"ST-0156","S03","生活方式 / 习惯系列","S03-E01","爱打游戏","PF-F07","mapped","T01","结果与生活方式","NF-N1-09","你喜欢「爱打游戏」这个特点，还是喜欢它最后带来的结果？","generated_series_seed","unreviewed"
"ST-0157","S03","生活方式 / 习惯系列","S03-E01","爱打游戏","PF-F07","mapped","T02","同居 / 高频日常","NF-N1-04","和一个「爱打游戏」的人同居以后，这个习惯每天会怎样占用时间、钱和空间？","generated_series_seed","unreviewed"
"ST-0158","S03","生活方式 / 习惯系列","S03-E01","爱打游戏","PF-F07","mapped","T03","人生阶段变化","NF-N1-07","有了孩子 / 工作变忙以后，「爱打游戏」还能不能按原来的方式维持？","generated_series_seed","unreviewed"
"ST-0159","S03","生活方式 / 习惯系列","S03-E01","爱打游戏","PF-F07","mapped","T04","Fit","NF-N1-02","如果另一半的生活节奏完全不同，「爱打游戏」会变成加分还是摩擦？","generated_series_seed","unreviewed"
"ST-0160","S03","生活方式 / 习惯系列","S03-E01","节俭","PF-F03","mapped","T01","结果与生活方式","NF-N1-09","你喜欢「节俭」这个特点，还是喜欢它最后带来的结果？","generated_series_seed","unreviewed"
"ST-0161","S03","生活方式 / 习惯系列","S03-E01","节俭","PF-F03","mapped","T02","同居 / 高频日常","NF-N1-04","和一个「节俭」的人同居以后，这个习惯每天会怎样占用时间、钱和空间？","generated_series_seed","unreviewed"
"ST-0162","S03","生活方式 / 习惯系列","S03-E01","节俭","PF-F03","mapped","T03","人生阶段变化","NF-N1-07","有了孩子 / 工作变忙以后，「节俭」还能不能按原来的方式维持？","generated_series_seed","unreviewed"
"ST-0163","S03","生活方式 / 习惯系列","S03-E01","节俭","PF-F03","mapped","T04","Fit","NF-N1-02","如果另一半的生活节奏完全不同，「节俭」会变成加分还是摩擦？","generated_series_seed","unreviewed"
"ST-0164","S03","生活方式 / 习惯系列","S03-E01","会享受生活","PF-F03;PF-F07","needs_resolution","T01","结果与生活方式","NF-N1-09","你喜欢「会享受生活」这个特点，还是喜欢它最后带来的结果？","generated_series_seed","unreviewed"
"ST-0165","S03","生活方式 / 习惯系列","S03-E01","会享受生活","PF-F03;PF-F07","needs_resolution","T02","同居 / 高频日常","NF-N1-04","和一个「会享受生活」的人同居以后，这个习惯每天会怎样占用时间、钱和空间？","generated_series_seed","unreviewed"
"ST-0166","S03","生活方式 / 习惯系列","S03-E01","会享受生活","PF-F03;PF-F07","needs_resolution","T03","人生阶段变化","NF-N1-07","有了孩子 / 工作变忙以后，「会享受生活」还能不能按原来的方式维持？","generated_series_seed","unreviewed"
"ST-0167","S03","生活方式 / 习惯系列","S03-E01","会享受生活","PF-F03;PF-F07","needs_resolution","T04","Fit","NF-N1-02","如果另一半的生活节奏完全不同，「会享受生活」会变成加分还是摩擦？","generated_series_seed","unreviewed"
"ST-0168","S03","生活方式 / 习惯系列","S03-E01","高消费","PF-F03","mapped","T01","结果与生活方式","NF-N1-09","你喜欢「高消费」这个特点，还是喜欢它最后带来的结果？","generated_series_seed","unreviewed"
"ST-0169","S03","生活方式 / 习惯系列","S03-E01","高消费","PF-F03","mapped","T02","同居 / 高频日常","NF-N1-04","和一个「高消费」的人同居以后，这个习惯每天会怎样占用时间、钱和空间？","generated_series_seed","unreviewed"
"ST-0170","S03","生活方式 / 习惯系列","S03-E01","高消费","PF-F03","mapped","T03","人生阶段变化","NF-N1-07","有了孩子 / 工作变忙以后，「高消费」还能不能按原来的方式维持？","generated_series_seed","unreviewed"
"ST-0171","S03","生活方式 / 习惯系列","S03-E01","高消费","PF-F03","mapped","T04","Fit","NF-N1-02","如果另一半的生活节奏完全不同，「高消费」会变成加分还是摩擦？","generated_series_seed","unreviewed"
"ST-0172","S03","生活方式 / 习惯系列","S03-E01","爱干净 / 整洁","PF-E05;PF-F06","needs_resolution","T01","结果与生活方式","NF-N1-09","你喜欢「爱干净 / 整洁」这个特点，还是喜欢它最后带来的结果？","generated_series_seed","unreviewed"
"ST-0173","S03","生活方式 / 习惯系列","S03-E01","爱干净 / 整洁","PF-E05;PF-F06","needs_resolution","T02","同居 / 高频日常","NF-N1-04","和一个「爱干净 / 整洁」的人同居以后，这个习惯每天会怎样占用时间、钱和空间？","generated_series_seed","unreviewed"
"ST-0174","S03","生活方式 / 习惯系列","S03-E01","爱干净 / 整洁","PF-E05;PF-F06","needs_resolution","T03","人生阶段变化","NF-N1-07","有了孩子 / 工作变忙以后，「爱干净 / 整洁」还能不能按原来的方式维持？","generated_series_seed","unreviewed"
"ST-0175","S03","生活方式 / 习惯系列","S03-E01","爱干净 / 整洁","PF-E05;PF-F06","needs_resolution","T04","Fit","NF-N1-02","如果另一半的生活节奏完全不同，「爱干净 / 整洁」会变成加分还是摩擦？","generated_series_seed","unreviewed"
"ST-0176","S03","生活方式 / 习惯系列","S03-E01","早睡","PF-F06","mapped","T01","结果与生活方式","NF-N1-09","你喜欢「早睡」这个特点，还是喜欢它最后带来的结果？","generated_series_seed","unreviewed"
"ST-0177","S03","生活方式 / 习惯系列","S03-E01","早睡","PF-F06","mapped","T02","同居 / 高频日常","NF-N1-04","和一个「早睡」的人同居以后，这个习惯每天会怎样占用时间、钱和空间？","generated_series_seed","unreviewed"
"ST-0178","S03","生活方式 / 习惯系列","S03-E01","早睡","PF-F06","mapped","T03","人生阶段变化","NF-N1-07","有了孩子 / 工作变忙以后，「早睡」还能不能按原来的方式维持？","generated_series_seed","unreviewed"
"ST-0179","S03","生活方式 / 习惯系列","S03-E01","早睡","PF-F06","mapped","T04","Fit","NF-N1-02","如果另一半的生活节奏完全不同，「早睡」会变成加分还是摩擦？","generated_series_seed","unreviewed"
"ST-0180","S03","生活方式 / 习惯系列","S03-E01","夜猫子","PF-F06","mapped","T01","结果与生活方式","NF-N1-09","你喜欢「夜猫子」这个特点，还是喜欢它最后带来的结果？","generated_series_seed","unreviewed"
"ST-0181","S03","生活方式 / 习惯系列","S03-E01","夜猫子","PF-F06","mapped","T02","同居 / 高频日常","NF-N1-04","和一个「夜猫子」的人同居以后，这个习惯每天会怎样占用时间、钱和空间？","generated_series_seed","unreviewed"
"ST-0182","S03","生活方式 / 习惯系列","S03-E01","夜猫子","PF-F06","mapped","T03","人生阶段变化","NF-N1-07","有了孩子 / 工作变忙以后，「夜猫子」还能不能按原来的方式维持？","generated_series_seed","unreviewed"
"ST-0183","S03","生活方式 / 习惯系列","S03-E01","夜猫子","PF-F06","mapped","T04","Fit","NF-N1-02","如果另一半的生活节奏完全不同，「夜猫子」会变成加分还是摩擦？","generated_series_seed","unreviewed"
"ST-0184","S03","生活方式 / 习惯系列","S03-E01","计划型","PF-F08","mapped","T01","结果与生活方式","NF-N1-09","你喜欢「计划型」这个特点，还是喜欢它最后带来的结果？","generated_series_seed","unreviewed"
"ST-0185","S03","生活方式 / 习惯系列","S03-E01","计划型","PF-F08","mapped","T02","同居 / 高频日常","NF-N1-04","和一个「计划型」的人同居以后，这个习惯每天会怎样占用时间、钱和空间？","generated_series_seed","unreviewed"
"ST-0186","S03","生活方式 / 习惯系列","S03-E01","计划型","PF-F08","mapped","T03","人生阶段变化","NF-N1-07","有了孩子 / 工作变忙以后，「计划型」还能不能按原来的方式维持？","generated_series_seed","unreviewed"
"ST-0187","S03","生活方式 / 习惯系列","S03-E01","计划型","PF-F08","mapped","T04","Fit","NF-N1-02","如果另一半的生活节奏完全不同，「计划型」会变成加分还是摩擦？","generated_series_seed","unreviewed"
"ST-0188","S03","生活方式 / 习惯系列","S03-E01","随性","PF-F08","mapped","T01","结果与生活方式","NF-N1-09","你喜欢「随性」这个特点，还是喜欢它最后带来的结果？","generated_series_seed","unreviewed"
"ST-0189","S03","生活方式 / 习惯系列","S03-E01","随性","PF-F08","mapped","T02","同居 / 高频日常","NF-N1-04","和一个「随性」的人同居以后，这个习惯每天会怎样占用时间、钱和空间？","generated_series_seed","unreviewed"
"ST-0190","S03","生活方式 / 习惯系列","S03-E01","随性","PF-F08","mapped","T03","人生阶段变化","NF-N1-07","有了孩子 / 工作变忙以后，「随性」还能不能按原来的方式维持？","generated_series_seed","unreviewed"
"ST-0191","S03","生活方式 / 习惯系列","S03-E01","随性","PF-F08","mapped","T04","Fit","NF-N1-02","如果另一半的生活节奏完全不同，「随性」会变成加分还是摩擦？","generated_series_seed","unreviewed"
"ST-0192","S03","生活方式 / 习惯系列","S03-E01","爱做饭","PF-E05","mapped","T01","结果与生活方式","NF-N1-09","你喜欢「爱做饭」这个特点，还是喜欢它最后带来的结果？","generated_series_seed","unreviewed"
"ST-0193","S03","生活方式 / 习惯系列","S03-E01","爱做饭","PF-E05","mapped","T02","同居 / 高频日常","NF-N1-04","和一个「爱做饭」的人同居以后，这个习惯每天会怎样占用时间、钱和空间？","generated_series_seed","unreviewed"
"ST-0194","S03","生活方式 / 习惯系列","S03-E01","爱做饭","PF-E05","mapped","T03","人生阶段变化","NF-N1-07","有了孩子 / 工作变忙以后，「爱做饭」还能不能按原来的方式维持？","generated_series_seed","unreviewed"
"ST-0195","S03","生活方式 / 习惯系列","S03-E01","爱做饭","PF-E05","mapped","T04","Fit","NF-N1-02","如果另一半的生活节奏完全不同，「爱做饭」会变成加分还是摩擦？","generated_series_seed","unreviewed"
"ST-0196","S03","生活方式 / 习惯系列","S03-E01","兴趣很多","PF-F07","mapped","T01","结果与生活方式","NF-N1-09","你喜欢「兴趣很多」这个特点，还是喜欢它最后带来的结果？","generated_series_seed","unreviewed"
"ST-0197","S03","生活方式 / 习惯系列","S03-E01","兴趣很多","PF-F07","mapped","T02","同居 / 高频日常","NF-N1-04","和一个「兴趣很多」的人同居以后，这个习惯每天会怎样占用时间、钱和空间？","generated_series_seed","unreviewed"
"ST-0198","S03","生活方式 / 习惯系列","S03-E01","兴趣很多","PF-F07","mapped","T03","人生阶段变化","NF-N1-07","有了孩子 / 工作变忙以后，「兴趣很多」还能不能按原来的方式维持？","generated_series_seed","unreviewed"
"ST-0199","S03","生活方式 / 习惯系列","S03-E01","兴趣很多","PF-F07","mapped","T04","Fit","NF-N1-02","如果另一半的生活节奏完全不同，「兴趣很多」会变成加分还是摩擦？","generated_series_seed","unreviewed"
"ST-0200","S04","相处 / 关系方式系列","S04-E01","顾家","PF-D02;PF-F09","mapped","T01","普通日常","NF-N1-03","“顾家”不是一句话：一个普通周末里，他具体会怎么做？","generated_series_seed","unreviewed"
"ST-0201","S04","相处 / 关系方式系列","S04-E01","顾家","PF-D02;PF-F09","mapped","T02","冲突 / 分歧","NF-N1-07","真正有分歧的时候，“顾家”会变成什么具体行为？","generated_series_seed","unreviewed"
"ST-0202","S04","相处 / 关系方式系列","S04-E01","顾家","PF-D02;PF-F09","mapped","T03","Crisis","NF-N1-07","真正需要对方的时候，“顾家”还剩多少是行动，而不只是平时的感觉？","generated_series_seed","unreviewed"
"ST-0203","S04","相处 / 关系方式系列","S04-E01","顾家","PF-D02;PF-F09","mapped","T04","钱 / 家务 / 父母","NF-N1-11","当钱、家务和父母真的进来以后，“顾家”到底怎么落到共同生活？","generated_series_seed","unreviewed"
"ST-0204","S04","相处 / 关系方式系列","S04-E01","靠谱 / 有责任感","PF-G02","mapped","T01","普通日常","NF-N1-03","“靠谱 / 有责任感”不是一句话：一个普通周末里，他具体会怎么做？","generated_series_seed","unreviewed"
"ST-0205","S04","相处 / 关系方式系列","S04-E01","靠谱 / 有责任感","PF-G02","mapped","T02","冲突 / 分歧","NF-N1-07","真正有分歧的时候，“靠谱 / 有责任感”会变成什么具体行为？","generated_series_seed","unreviewed"
"ST-0206","S04","相处 / 关系方式系列","S04-E01","靠谱 / 有责任感","PF-G02","mapped","T03","Crisis","NF-N1-07","真正需要对方的时候，“靠谱 / 有责任感”还剩多少是行动，而不只是平时的感觉？","generated_series_seed","unreviewed"
"ST-0207","S04","相处 / 关系方式系列","S04-E01","靠谱 / 有责任感","PF-G02","mapped","T04","钱 / 家务 / 父母","NF-N1-11","当钱、家务和父母真的进来以后，“靠谱 / 有责任感”到底怎么落到共同生活？","generated_series_seed","unreviewed"
"ST-0208","S04","相处 / 关系方式系列","S04-E01","体贴","PF-G01;PF-G07","mapped","T01","普通日常","NF-N1-03","“体贴”不是一句话：一个普通周末里，他具体会怎么做？","generated_series_seed","unreviewed"
"ST-0209","S04","相处 / 关系方式系列","S04-E01","体贴","PF-G01;PF-G07","mapped","T02","冲突 / 分歧","NF-N1-07","真正有分歧的时候，“体贴”会变成什么具体行为？","generated_series_seed","unreviewed"
"ST-0210","S04","相处 / 关系方式系列","S04-E01","体贴","PF-G01;PF-G07","mapped","T03","Crisis","NF-N1-07","真正需要对方的时候，“体贴”还剩多少是行动，而不只是平时的感觉？","generated_series_seed","unreviewed"
"ST-0211","S04","相处 / 关系方式系列","S04-E01","体贴","PF-G01;PF-G07","mapped","T04","钱 / 家务 / 父母","NF-N1-11","当钱、家务和父母真的进来以后，“体贴”到底怎么落到共同生活？","generated_series_seed","unreviewed"
"ST-0212","S04","相处 / 关系方式系列","S04-E01","会照顾人","PF-G07","mapped","T01","普通日常","NF-N1-03","“会照顾人”不是一句话：一个普通周末里，他具体会怎么做？","generated_series_seed","unreviewed"
"ST-0213","S04","相处 / 关系方式系列","S04-E01","会照顾人","PF-G07","mapped","T02","冲突 / 分歧","NF-N1-07","真正有分歧的时候，“会照顾人”会变成什么具体行为？","generated_series_seed","unreviewed"
"ST-0214","S04","相处 / 关系方式系列","S04-E01","会照顾人","PF-G07","mapped","T03","Crisis","NF-N1-07","真正需要对方的时候，“会照顾人”还剩多少是行动，而不只是平时的感觉？","generated_series_seed","unreviewed"
"ST-0215","S04","相处 / 关系方式系列","S04-E01","会照顾人","PF-G07","mapped","T04","钱 / 家务 / 父母","NF-N1-11","当钱、家务和父母真的进来以后，“会照顾人”到底怎么落到共同生活？","generated_series_seed","unreviewed"
"ST-0216","S04","相处 / 关系方式系列","S04-E01","会沟通","PF-E04;PF-G01","mapped","T01","普通日常","NF-N1-03","“会沟通”不是一句话：一个普通周末里，他具体会怎么做？","generated_series_seed","unreviewed"
"ST-0217","S04","相处 / 关系方式系列","S04-E01","会沟通","PF-E04;PF-G01","mapped","T02","冲突 / 分歧","NF-N1-07","真正有分歧的时候，“会沟通”会变成什么具体行为？","generated_series_seed","unreviewed"
"ST-0218","S04","相处 / 关系方式系列","S04-E01","会沟通","PF-E04;PF-G01","mapped","T03","Crisis","NF-N1-07","真正需要对方的时候，“会沟通”还剩多少是行动，而不只是平时的感觉？","generated_series_seed","unreviewed"
"ST-0219","S04","相处 / 关系方式系列","S04-E01","会沟通","PF-E04;PF-G01","mapped","T04","钱 / 家务 / 父母","NF-N1-11","当钱、家务和父母真的进来以后，“会沟通”到底怎么落到共同生活？","generated_series_seed","unreviewed"
"ST-0220","S04","相处 / 关系方式系列","S04-E01","会共情","PF-E04;PF-G01","mapped","T01","普通日常","NF-N1-03","“会共情”不是一句话：一个普通周末里，他具体会怎么做？","generated_series_seed","unreviewed"
"ST-0221","S04","相处 / 关系方式系列","S04-E01","会共情","PF-E04;PF-G01","mapped","T02","冲突 / 分歧","NF-N1-07","真正有分歧的时候，“会共情”会变成什么具体行为？","generated_series_seed","unreviewed"
"ST-0222","S04","相处 / 关系方式系列","S04-E01","会共情","PF-E04;PF-G01","mapped","T03","Crisis","NF-N1-07","真正需要对方的时候，“会共情”还剩多少是行动，而不只是平时的感觉？","generated_series_seed","unreviewed"
"ST-0223","S04","相处 / 关系方式系列","S04-E01","会共情","PF-E04;PF-G01","mapped","T04","钱 / 家务 / 父母","NF-N1-11","当钱、家务和父母真的进来以后，“会共情”到底怎么落到共同生活？","generated_series_seed","unreviewed"
"ST-0224","S04","相处 / 关系方式系列","S04-E01","情绪价值高","PF-G01","mapped","T01","普通日常","NF-N1-03","“情绪价值高”不是一句话：一个普通周末里，他具体会怎么做？","generated_series_seed","unreviewed"
"ST-0225","S04","相处 / 关系方式系列","S04-E01","情绪价值高","PF-G01","mapped","T02","冲突 / 分歧","NF-N1-07","真正有分歧的时候，“情绪价值高”会变成什么具体行为？","generated_series_seed","unreviewed"
"ST-0226","S04","相处 / 关系方式系列","S04-E01","情绪价值高","PF-G01","mapped","T03","Crisis","NF-N1-07","真正需要对方的时候，“情绪价值高”还剩多少是行动，而不只是平时的感觉？","generated_series_seed","unreviewed"
"ST-0227","S04","相处 / 关系方式系列","S04-E01","情绪价值高","PF-G01","mapped","T04","钱 / 家务 / 父母","NF-N1-11","当钱、家务和父母真的进来以后，“情绪价值高”到底怎么落到共同生活？","generated_series_seed","unreviewed"
"ST-0228","S04","相处 / 关系方式系列","S04-E01","独立 / 给空间","PF-D04;PF-F02","mapped","T01","普通日常","NF-N1-03","“独立 / 给空间”不是一句话：一个普通周末里，他具体会怎么做？","generated_series_seed","unreviewed"
"ST-0229","S04","相处 / 关系方式系列","S04-E01","独立 / 给空间","PF-D04;PF-F02","mapped","T02","冲突 / 分歧","NF-N1-07","真正有分歧的时候，“独立 / 给空间”会变成什么具体行为？","generated_series_seed","unreviewed"
"ST-0230","S04","相处 / 关系方式系列","S04-E01","独立 / 给空间","PF-D04;PF-F02","mapped","T03","Crisis","NF-N1-07","真正需要对方的时候，“独立 / 给空间”还剩多少是行动，而不只是平时的感觉？","generated_series_seed","unreviewed"
"ST-0231","S04","相处 / 关系方式系列","S04-E01","独立 / 给空间","PF-D04;PF-F02","mapped","T04","钱 / 家务 / 父母","NF-N1-11","当钱、家务和父母真的进来以后，“独立 / 给空间”到底怎么落到共同生活？","generated_series_seed","unreviewed"
"ST-0232","S04","相处 / 关系方式系列","S04-E01","黏人 / 高陪伴","PF-F02","needs_resolution","T01","普通日常","NF-N1-03","“黏人 / 高陪伴”不是一句话：一个普通周末里，他具体会怎么做？","generated_series_seed","unreviewed"
"ST-0233","S04","相处 / 关系方式系列","S04-E01","黏人 / 高陪伴","PF-F02","needs_resolution","T02","冲突 / 分歧","NF-N1-07","真正有分歧的时候，“黏人 / 高陪伴”会变成什么具体行为？","generated_series_seed","unreviewed"
"ST-0234","S04","相处 / 关系方式系列","S04-E01","黏人 / 高陪伴","PF-F02","needs_resolution","T03","Crisis","NF-N1-07","真正需要对方的时候，“黏人 / 高陪伴”还剩多少是行动，而不只是平时的感觉？","generated_series_seed","unreviewed"
"ST-0235","S04","相处 / 关系方式系列","S04-E01","黏人 / 高陪伴","PF-F02","needs_resolution","T04","钱 / 家务 / 父母","NF-N1-11","当钱、家务和父母真的进来以后，“黏人 / 高陪伴”到底怎么落到共同生活？","generated_series_seed","unreviewed"
"ST-0236","S04","相处 / 关系方式系列","S04-E01","有边界感","PF-G04","mapped","T01","普通日常","NF-N1-03","“有边界感”不是一句话：一个普通周末里，他具体会怎么做？","generated_series_seed","unreviewed"
"ST-0237","S04","相处 / 关系方式系列","S04-E01","有边界感","PF-G04","mapped","T02","冲突 / 分歧","NF-N1-07","真正有分歧的时候，“有边界感”会变成什么具体行为？","generated_series_seed","unreviewed"
"ST-0238","S04","相处 / 关系方式系列","S04-E01","有边界感","PF-G04","mapped","T03","Crisis","NF-N1-07","真正需要对方的时候，“有边界感”还剩多少是行动，而不只是平时的感觉？","generated_series_seed","unreviewed"
"ST-0239","S04","相处 / 关系方式系列","S04-E01","有边界感","PF-G04","mapped","T04","钱 / 家务 / 父母","NF-N1-11","当钱、家务和父母真的进来以后，“有边界感”到底怎么落到共同生活？","generated_series_seed","unreviewed"
"ST-0240","S04","相处 / 关系方式系列","S04-E01","会道歉","PF-G06","mapped","T01","普通日常","NF-N1-03","“会道歉”不是一句话：一个普通周末里，他具体会怎么做？","generated_series_seed","unreviewed"
"ST-0241","S04","相处 / 关系方式系列","S04-E01","会道歉","PF-G06","mapped","T02","冲突 / 分歧","NF-N1-07","真正有分歧的时候，“会道歉”会变成什么具体行为？","generated_series_seed","unreviewed"
"ST-0242","S04","相处 / 关系方式系列","S04-E01","会道歉","PF-G06","mapped","T03","Crisis","NF-N1-07","真正需要对方的时候，“会道歉”还剩多少是行动，而不只是平时的感觉？","generated_series_seed","unreviewed"
"ST-0243","S04","相处 / 关系方式系列","S04-E01","会道歉","PF-G06","mapped","T04","钱 / 家务 / 父母","NF-N1-11","当钱、家务和父母真的进来以后，“会道歉”到底怎么落到共同生活？","generated_series_seed","unreviewed"
"ST-0244","S04","相处 / 关系方式系列","S04-E01","会修复","PF-G06","mapped","T01","普通日常","NF-N1-03","“会修复”不是一句话：一个普通周末里，他具体会怎么做？","generated_series_seed","unreviewed"
"ST-0245","S04","相处 / 关系方式系列","S04-E01","会修复","PF-G06","mapped","T02","冲突 / 分歧","NF-N1-07","真正有分歧的时候，“会修复”会变成什么具体行为？","generated_series_seed","unreviewed"
"ST-0246","S04","相处 / 关系方式系列","S04-E01","会修复","PF-G06","mapped","T03","Crisis","NF-N1-07","真正需要对方的时候，“会修复”还剩多少是行动，而不只是平时的感觉？","generated_series_seed","unreviewed"
"ST-0247","S04","相处 / 关系方式系列","S04-E01","会修复","PF-G06","mapped","T04","钱 / 家务 / 父母","NF-N1-11","当钱、家务和父母真的进来以后，“会修复”到底怎么落到共同生活？","generated_series_seed","unreviewed"
"ST-0248","S04","相处 / 关系方式系列","S04-E01","专一 / 忠诚","PF-G08;PF-D07","mapped","T01","普通日常","NF-N1-03","“专一 / 忠诚”不是一句话：一个普通周末里，他具体会怎么做？","generated_series_seed","unreviewed"
"ST-0249","S04","相处 / 关系方式系列","S04-E01","专一 / 忠诚","PF-G08;PF-D07","mapped","T02","冲突 / 分歧","NF-N1-07","真正有分歧的时候，“专一 / 忠诚”会变成什么具体行为？","generated_series_seed","unreviewed"
"ST-0250","S04","相处 / 关系方式系列","S04-E01","专一 / 忠诚","PF-G08;PF-D07","mapped","T03","Crisis","NF-N1-07","真正需要对方的时候，“专一 / 忠诚”还剩多少是行动，而不只是平时的感觉？","generated_series_seed","unreviewed"
"ST-0251","S04","相处 / 关系方式系列","S04-E01","专一 / 忠诚","PF-G08;PF-D07","mapped","T04","钱 / 家务 / 父母","NF-N1-11","当钱、家务和父母真的进来以后，“专一 / 忠诚”到底怎么落到共同生活？","generated_series_seed","unreviewed"
"ST-0252","S04","相处 / 关系方式系列","S04-E01","有仪式感","PF-F07","mapped","T01","普通日常","NF-N1-03","“有仪式感”不是一句话：一个普通周末里，他具体会怎么做？","generated_series_seed","unreviewed"
"ST-0253","S04","相处 / 关系方式系列","S04-E01","有仪式感","PF-F07","mapped","T02","冲突 / 分歧","NF-N1-07","真正有分歧的时候，“有仪式感”会变成什么具体行为？","generated_series_seed","unreviewed"
"ST-0254","S04","相处 / 关系方式系列","S04-E01","有仪式感","PF-F07","mapped","T03","Crisis","NF-N1-07","真正需要对方的时候，“有仪式感”还剩多少是行动，而不只是平时的感觉？","generated_series_seed","unreviewed"
"ST-0255","S04","相处 / 关系方式系列","S04-E01","有仪式感","PF-F07","mapped","T04","钱 / 家务 / 父母","NF-N1-11","当钱、家务和父母真的进来以后，“有仪式感”到底怎么落到共同生活？","generated_series_seed","unreviewed"
"ST-0256","S04","相处 / 关系方式系列","S04-E01","愿意分担","PF-G03","mapped","T01","普通日常","NF-N1-03","“愿意分担”不是一句话：一个普通周末里，他具体会怎么做？","generated_series_seed","unreviewed"
"ST-0257","S04","相处 / 关系方式系列","S04-E01","愿意分担","PF-G03","mapped","T02","冲突 / 分歧","NF-N1-07","真正有分歧的时候，“愿意分担”会变成什么具体行为？","generated_series_seed","unreviewed"
"ST-0258","S04","相处 / 关系方式系列","S04-E01","愿意分担","PF-G03","mapped","T03","Crisis","NF-N1-07","真正需要对方的时候，“愿意分担”还剩多少是行动，而不只是平时的感觉？","generated_series_seed","unreviewed"
"ST-0259","S04","相处 / 关系方式系列","S04-E01","愿意分担","PF-G03","mapped","T04","钱 / 家务 / 父母","NF-N1-11","当钱、家务和父母真的进来以后，“愿意分担”到底怎么落到共同生活？","generated_series_seed","unreviewed"
"ST-0260","S04","相处 / 关系方式系列","S04-E01","强势 / 喜欢做主","PF-G09","mapped","T01","普通日常","NF-N1-03","“强势 / 喜欢做主”不是一句话：一个普通周末里，他具体会怎么做？","generated_series_seed","unreviewed"
"ST-0261","S04","相处 / 关系方式系列","S04-E01","强势 / 喜欢做主","PF-G09","mapped","T02","冲突 / 分歧","NF-N1-07","真正有分歧的时候，“强势 / 喜欢做主”会变成什么具体行为？","generated_series_seed","unreviewed"
"ST-0262","S04","相处 / 关系方式系列","S04-E01","强势 / 喜欢做主","PF-G09","mapped","T03","Crisis","NF-N1-07","真正需要对方的时候，“强势 / 喜欢做主”还剩多少是行动，而不只是平时的感觉？","generated_series_seed","unreviewed"
"ST-0263","S04","相处 / 关系方式系列","S04-E01","强势 / 喜欢做主","PF-G09","mapped","T04","钱 / 家务 / 父母","NF-N1-11","当钱、家务和父母真的进来以后，“强势 / 喜欢做主”到底怎么落到共同生活？","generated_series_seed","unreviewed"
"ST-0264","S05","钱 / 现实条件系列","S05-E01","高收入","PF-A06","mapped","T01","条件代理","NF-N1-06","我想要「高收入」，我真正想解决的到底是什么问题？","generated_series_seed","unreviewed"
"ST-0265","S05","钱 / 现实条件系列","S05-E01","高收入","PF-A06","mapped","T02","婚后生活","NF-N1-05","结婚以后，「高收入」会怎样改变房、钱、孩子和城市选择？","generated_series_seed","unreviewed"
"ST-0266","S05","钱 / 现实条件系列","S05-E01","高收入","PF-A06","mapped","T03","条件变化","NF-N1-12","如果最初看重的「高收入」后来发生变化，这段关系里真正留下的是什么？","generated_series_seed","unreviewed"
"ST-0267","S05","钱 / 现实条件系列","S05-E01","收入稳定","PF-A06;PF-D05","mapped","T01","条件代理","NF-N1-06","我想要「收入稳定」，我真正想解决的到底是什么问题？","generated_series_seed","unreviewed"
"ST-0268","S05","钱 / 现实条件系列","S05-E01","收入稳定","PF-A06;PF-D05","mapped","T02","婚后生活","NF-N1-05","结婚以后，「收入稳定」会怎样改变房、钱、孩子和城市选择？","generated_series_seed","unreviewed"
"ST-0269","S05","钱 / 现实条件系列","S05-E01","收入稳定","PF-A06;PF-D05","mapped","T03","条件变化","NF-N1-12","如果最初看重的「收入稳定」后来发生变化，这段关系里真正留下的是什么？","generated_series_seed","unreviewed"
"ST-0270","S05","钱 / 现实条件系列","S05-E01","会赚钱","PF-E01;PF-A06","mapped","T01","条件代理","NF-N1-06","我想要「会赚钱」，我真正想解决的到底是什么问题？","generated_series_seed","unreviewed"
"ST-0271","S05","钱 / 现实条件系列","S05-E01","会赚钱","PF-E01;PF-A06","mapped","T02","婚后生活","NF-N1-05","结婚以后，「会赚钱」会怎样改变房、钱、孩子和城市选择？","generated_series_seed","unreviewed"
"ST-0272","S05","钱 / 现实条件系列","S05-E01","会赚钱","PF-E01;PF-A06","mapped","T03","条件变化","NF-N1-12","如果最初看重的「会赚钱」后来发生变化，这段关系里真正留下的是什么？","generated_series_seed","unreviewed"
"ST-0273","S05","钱 / 现实条件系列","S05-E01","有房","PF-A07","mapped","T01","条件代理","NF-N1-06","我想要「有房」，我真正想解决的到底是什么问题？","generated_series_seed","unreviewed"
"ST-0274","S05","钱 / 现实条件系列","S05-E01","有房","PF-A07","mapped","T02","婚后生活","NF-N1-05","结婚以后，「有房」会怎样改变房、钱、孩子和城市选择？","generated_series_seed","unreviewed"
"ST-0275","S05","钱 / 现实条件系列","S05-E01","有房","PF-A07","mapped","T03","条件变化","NF-N1-12","如果最初看重的「有房」后来发生变化，这段关系里真正留下的是什么？","generated_series_seed","unreviewed"
"ST-0276","S05","钱 / 现实条件系列","S05-E01","有车","PF-A07","mapped","T01","条件代理","NF-N1-06","我想要「有车」，我真正想解决的到底是什么问题？","generated_series_seed","unreviewed"
"ST-0277","S05","钱 / 现实条件系列","S05-E01","有车","PF-A07","mapped","T02","婚后生活","NF-N1-05","结婚以后，「有车」会怎样改变房、钱、孩子和城市选择？","generated_series_seed","unreviewed"
"ST-0278","S05","钱 / 现实条件系列","S05-E01","有车","PF-A07","mapped","T03","条件变化","NF-N1-12","如果最初看重的「有车」后来发生变化，这段关系里真正留下的是什么？","generated_series_seed","unreviewed"
"ST-0279","S05","钱 / 现实条件系列","S05-E01","家庭条件好","PF-A08","mapped","T01","条件代理","NF-N1-06","我想要「家庭条件好」，我真正想解决的到底是什么问题？","generated_series_seed","unreviewed"
"ST-0280","S05","钱 / 现实条件系列","S05-E01","家庭条件好","PF-A08","mapped","T02","婚后生活","NF-N1-05","结婚以后，「家庭条件好」会怎样改变房、钱、孩子和城市选择？","generated_series_seed","unreviewed"
"ST-0281","S05","钱 / 现实条件系列","S05-E01","家庭条件好","PF-A08","mapped","T03","条件变化","NF-N1-12","如果最初看重的「家庭条件好」后来发生变化，这段关系里真正留下的是什么？","generated_series_seed","unreviewed"
"ST-0282","S05","钱 / 现实条件系列","S05-E01","高学历","PF-A04","mapped","T01","条件代理","NF-N1-06","我想要「高学历」，我真正想解决的到底是什么问题？","generated_series_seed","unreviewed"
"ST-0283","S05","钱 / 现实条件系列","S05-E01","高学历","PF-A04","mapped","T02","婚后生活","NF-N1-05","结婚以后，「高学历」会怎样改变房、钱、孩子和城市选择？","generated_series_seed","unreviewed"
"ST-0284","S05","钱 / 现实条件系列","S05-E01","高学历","PF-A04","mapped","T03","条件变化","NF-N1-12","如果最初看重的「高学历」后来发生变化，这段关系里真正留下的是什么？","generated_series_seed","unreviewed"
"ST-0285","S05","钱 / 现实条件系列","S05-E01","名校","PF-A04","mapped","T01","条件代理","NF-N1-06","我想要「名校」，我真正想解决的到底是什么问题？","generated_series_seed","unreviewed"
"ST-0286","S05","钱 / 现实条件系列","S05-E01","名校","PF-A04","mapped","T02","婚后生活","NF-N1-05","结婚以后，「名校」会怎样改变房、钱、孩子和城市选择？","generated_series_seed","unreviewed"
"ST-0287","S05","钱 / 现实条件系列","S05-E01","名校","PF-A04","mapped","T03","条件变化","NF-N1-12","如果最初看重的「名校」后来发生变化，这段关系里真正留下的是什么？","generated_series_seed","unreviewed"
"ST-0288","S05","钱 / 现实条件系列","S05-E01","本地人","PF-B01","mapped","T01","条件代理","NF-N1-06","我想要「本地人」，我真正想解决的到底是什么问题？","generated_series_seed","unreviewed"
"ST-0289","S05","钱 / 现实条件系列","S05-E01","本地人","PF-B01","mapped","T02","婚后生活","NF-N1-05","结婚以后，「本地人」会怎样改变房、钱、孩子和城市选择？","generated_series_seed","unreviewed"
"ST-0290","S05","钱 / 现实条件系列","S05-E01","本地人","PF-B01","mapped","T03","条件变化","NF-N1-12","如果最初看重的「本地人」后来发生变化，这段关系里真正留下的是什么？","generated_series_seed","unreviewed"
"ST-0291","S05","钱 / 现实条件系列","S05-E01","年龄","PF-A03","mapped","T01","条件代理","NF-N1-06","我想要「年龄」，我真正想解决的到底是什么问题？","generated_series_seed","unreviewed"
"ST-0292","S05","钱 / 现实条件系列","S05-E01","年龄","PF-A03","mapped","T02","婚后生活","NF-N1-05","结婚以后，「年龄」会怎样改变房、钱、孩子和城市选择？","generated_series_seed","unreviewed"
"ST-0293","S05","钱 / 现实条件系列","S05-E01","年龄","PF-A03","mapped","T03","条件变化","NF-N1-12","如果最初看重的「年龄」后来发生变化，这段关系里真正留下的是什么？","generated_series_seed","unreviewed"
"ST-0294","S05","钱 / 现实条件系列","S05-E01","身高 / 身材","PF-A02","mapped","T01","条件代理","NF-N1-06","我想要「身高 / 身材」，我真正想解决的到底是什么问题？","generated_series_seed","unreviewed"
"ST-0295","S05","钱 / 现实条件系列","S05-E01","身高 / 身材","PF-A02","mapped","T02","婚后生活","NF-N1-05","结婚以后，「身高 / 身材」会怎样改变房、钱、孩子和城市选择？","generated_series_seed","unreviewed"
"ST-0296","S05","钱 / 现实条件系列","S05-E01","身高 / 身材","PF-A02","mapped","T03","条件变化","NF-N1-12","如果最初看重的「身高 / 身材」后来发生变化，这段关系里真正留下的是什么？","generated_series_seed","unreviewed"
"ST-0297","S05","钱 / 现实条件系列","S05-E01","婚史 / 有无孩子","PF-A09","mapped","T01","条件代理","NF-N1-06","我想要「婚史 / 有无孩子」，我真正想解决的到底是什么问题？","generated_series_seed","unreviewed"
"ST-0298","S05","钱 / 现实条件系列","S05-E01","婚史 / 有无孩子","PF-A09","mapped","T02","婚后生活","NF-N1-05","结婚以后，「婚史 / 有无孩子」会怎样改变房、钱、孩子和城市选择？","generated_series_seed","unreviewed"
"ST-0299","S05","钱 / 现实条件系列","S05-E01","婚史 / 有无孩子","PF-A09","mapped","T03","条件变化","NF-N1-12","如果最初看重的「婚史 / 有无孩子」后来发生变化，这段关系里真正留下的是什么？","generated_series_seed","unreviewed"
"ST-0300","S05","钱 / 现实条件系列","S05-E01","负债","PF-B05","mapped","T01","条件代理","NF-N1-06","我想要「负债」，我真正想解决的到底是什么问题？","generated_series_seed","unreviewed"
"ST-0301","S05","钱 / 现实条件系列","S05-E01","负债","PF-B05","mapped","T02","婚后生活","NF-N1-05","结婚以后，「负债」会怎样改变房、钱、孩子和城市选择？","generated_series_seed","unreviewed"
"ST-0302","S05","钱 / 现实条件系列","S05-E01","负债","PF-B05","mapped","T03","条件变化","NF-N1-12","如果最初看重的「负债」后来发生变化，这段关系里真正留下的是什么？","generated_series_seed","unreviewed"
"ST-0303","S05","钱 / 现实条件系列","S05-E01","工作稳定","PF-D05;PF-A05","mapped","T01","条件代理","NF-N1-06","我想要「工作稳定」，我真正想解决的到底是什么问题？","generated_series_seed","unreviewed"
"ST-0304","S05","钱 / 现实条件系列","S05-E01","工作稳定","PF-D05;PF-A05","mapped","T02","婚后生活","NF-N1-05","结婚以后，「工作稳定」会怎样改变房、钱、孩子和城市选择？","generated_series_seed","unreviewed"
"ST-0305","S05","钱 / 现实条件系列","S05-E01","工作稳定","PF-D05;PF-A05","mapped","T03","条件变化","NF-N1-12","如果最初看重的「工作稳定」后来发生变化，这段关系里真正留下的是什么？","generated_series_seed","unreviewed"
"ST-0306","S06","家庭 / 原生家庭系列","S06-E01","孝顺","PF-D08","mapped","T01","婚后边界","NF-N1-11","「孝顺」进入婚后生活以后，夫妻小家和原生家庭的边界在哪里？","generated_series_seed","unreviewed"
"ST-0307","S06","家庭 / 原生家庭系列","S06-E01","孝顺","PF-D08","mapped","T02","资源 / 照护","NF-N1-07","父母真正需要时间、钱或照护时，「孝顺」会变成什么现实责任？","generated_series_seed","unreviewed"
"ST-0308","S06","家庭 / 原生家庭系列","S06-E01","孝顺","PF-D08","mapped","T03","育儿","NF-N1-11","有孩子以后，「孝顺」是现实资源，还是也会带来新的协调成本？","generated_series_seed","unreviewed"
"ST-0309","S06","家庭 / 原生家庭系列","S06-E01","家庭观念强","PF-D02","mapped","T01","婚后边界","NF-N1-11","「家庭观念强」进入婚后生活以后，夫妻小家和原生家庭的边界在哪里？","generated_series_seed","unreviewed"
"ST-0310","S06","家庭 / 原生家庭系列","S06-E01","家庭观念强","PF-D02","mapped","T02","资源 / 照护","NF-N1-07","父母真正需要时间、钱或照护时，「家庭观念强」会变成什么现实责任？","generated_series_seed","unreviewed"
"ST-0311","S06","家庭 / 原生家庭系列","S06-E01","家庭观念强","PF-D02","mapped","T03","育儿","NF-N1-11","有孩子以后，「家庭观念强」是现实资源，还是也会带来新的协调成本？","generated_series_seed","unreviewed"
"ST-0312","S06","家庭 / 原生家庭系列","S06-E01","父母同城","PF-B03","mapped","T01","婚后边界","NF-N1-11","「父母同城」进入婚后生活以后，夫妻小家和原生家庭的边界在哪里？","generated_series_seed","unreviewed"
"ST-0313","S06","家庭 / 原生家庭系列","S06-E01","父母同城","PF-B03","mapped","T02","资源 / 照护","NF-N1-07","父母真正需要时间、钱或照护时，「父母同城」会变成什么现实责任？","generated_series_seed","unreviewed"
"ST-0314","S06","家庭 / 原生家庭系列","S06-E01","父母同城","PF-B03","mapped","T03","育儿","NF-N1-11","有孩子以后，「父母同城」是现实资源，还是也会带来新的协调成本？","generated_series_seed","unreviewed"
"ST-0315","S06","家庭 / 原生家庭系列","S06-E01","与父母同住","PF-B03;PF-B01","mapped","T01","婚后边界","NF-N1-11","「与父母同住」进入婚后生活以后，夫妻小家和原生家庭的边界在哪里？","generated_series_seed","unreviewed"
"ST-0316","S06","家庭 / 原生家庭系列","S06-E01","与父母同住","PF-B03;PF-B01","mapped","T02","资源 / 照护","NF-N1-07","父母真正需要时间、钱或照护时，「与父母同住」会变成什么现实责任？","generated_series_seed","unreviewed"
"ST-0317","S06","家庭 / 原生家庭系列","S06-E01","与父母同住","PF-B03;PF-B01","mapped","T03","育儿","NF-N1-11","有孩子以后，「与父母同住」是现实资源，还是也会带来新的协调成本？","generated_series_seed","unreviewed"
"ST-0318","S06","家庭 / 原生家庭系列","S06-E01","独生子女","PF-B02","mapped","T01","婚后边界","NF-N1-11","「独生子女」进入婚后生活以后，夫妻小家和原生家庭的边界在哪里？","generated_series_seed","unreviewed"
"ST-0319","S06","家庭 / 原生家庭系列","S06-E01","独生子女","PF-B02","mapped","T02","资源 / 照护","NF-N1-07","父母真正需要时间、钱或照护时，「独生子女」会变成什么现实责任？","generated_series_seed","unreviewed"
"ST-0320","S06","家庭 / 原生家庭系列","S06-E01","独生子女","PF-B02","mapped","T03","育儿","NF-N1-11","有孩子以后，「独生子女」是现实资源，还是也会带来新的协调成本？","generated_series_seed","unreviewed"
"ST-0321","S06","家庭 / 原生家庭系列","S06-E01","兄弟姐妹多","PF-B02","editorial_seed","T01","婚后边界","NF-N1-11","「兄弟姐妹多」进入婚后生活以后，夫妻小家和原生家庭的边界在哪里？","generated_series_seed","unreviewed"
"ST-0322","S06","家庭 / 原生家庭系列","S06-E01","兄弟姐妹多","PF-B02","editorial_seed","T02","资源 / 照护","NF-N1-07","父母真正需要时间、钱或照护时，「兄弟姐妹多」会变成什么现实责任？","generated_series_seed","unreviewed"
"ST-0323","S06","家庭 / 原生家庭系列","S06-E01","兄弟姐妹多","PF-B02","editorial_seed","T03","育儿","NF-N1-11","有孩子以后，「兄弟姐妹多」是现实资源，还是也会带来新的协调成本？","generated_series_seed","unreviewed"
"ST-0324","S06","家庭 / 原生家庭系列","S06-E01","父母强势 / 介入多","PF-B03;PF-G04","needs_resolution","T01","婚后边界","NF-N1-11","「父母强势 / 介入多」进入婚后生活以后，夫妻小家和原生家庭的边界在哪里？","generated_series_seed","unreviewed"
"ST-0325","S06","家庭 / 原生家庭系列","S06-E01","父母强势 / 介入多","PF-B03;PF-G04","needs_resolution","T02","资源 / 照护","NF-N1-07","父母真正需要时间、钱或照护时，「父母强势 / 介入多」会变成什么现实责任？","generated_series_seed","unreviewed"
"ST-0326","S06","家庭 / 原生家庭系列","S06-E01","父母强势 / 介入多","PF-B03;PF-G04","needs_resolution","T03","育儿","NF-N1-11","有孩子以后，「父母强势 / 介入多」是现实资源，还是也会带来新的协调成本？","generated_series_seed","unreviewed"
"ST-0327","S06","家庭 / 原生家庭系列","S06-E01","父母开明","PF-B03;PF-G04","needs_resolution","T01","婚后边界","NF-N1-11","「父母开明」进入婚后生活以后，夫妻小家和原生家庭的边界在哪里？","generated_series_seed","unreviewed"
"ST-0328","S06","家庭 / 原生家庭系列","S06-E01","父母开明","PF-B03;PF-G04","needs_resolution","T02","资源 / 照护","NF-N1-07","父母真正需要时间、钱或照护时，「父母开明」会变成什么现实责任？","generated_series_seed","unreviewed"
"ST-0329","S06","家庭 / 原生家庭系列","S06-E01","父母开明","PF-B03;PF-G04","needs_resolution","T03","育儿","NF-N1-11","有孩子以后，「父母开明」是现实资源，还是也会带来新的协调成本？","generated_series_seed","unreviewed"
"ST-0330","S06","家庭 / 原生家庭系列","S06-E01","家庭关系紧密","PF-B02;PF-D02","mapped","T01","婚后边界","NF-N1-11","「家庭关系紧密」进入婚后生活以后，夫妻小家和原生家庭的边界在哪里？","generated_series_seed","unreviewed"
"ST-0331","S06","家庭 / 原生家庭系列","S06-E01","家庭关系紧密","PF-B02;PF-D02","mapped","T02","资源 / 照护","NF-N1-07","父母真正需要时间、钱或照护时，「家庭关系紧密」会变成什么现实责任？","generated_series_seed","unreviewed"
"ST-0332","S06","家庭 / 原生家庭系列","S06-E01","家庭关系紧密","PF-B02;PF-D02","mapped","T03","育儿","NF-N1-11","有孩子以后，「家庭关系紧密」是现实资源，还是也会带来新的协调成本？","generated_series_seed","unreviewed"
"ST-0333","S06","家庭 / 原生家庭系列","S06-E01","家庭关系简单","PF-B02","mapped","T01","婚后边界","NF-N1-11","「家庭关系简单」进入婚后生活以后，夫妻小家和原生家庭的边界在哪里？","generated_series_seed","unreviewed"
"ST-0334","S06","家庭 / 原生家庭系列","S06-E01","家庭关系简单","PF-B02","mapped","T02","资源 / 照护","NF-N1-07","父母真正需要时间、钱或照护时，「家庭关系简单」会变成什么现实责任？","generated_series_seed","unreviewed"
"ST-0335","S06","家庭 / 原生家庭系列","S06-E01","家庭关系简单","PF-B02","mapped","T03","育儿","NF-N1-11","有孩子以后，「家庭关系简单」是现实资源，还是也会带来新的协调成本？","generated_series_seed","unreviewed"
"ST-0336","S06","家庭 / 原生家庭系列","S06-E01","父母能帮带娃","PF-B03;PF-F09","mapped","T01","婚后边界","NF-N1-11","「父母能帮带娃」进入婚后生活以后，夫妻小家和原生家庭的边界在哪里？","generated_series_seed","unreviewed"
"ST-0337","S06","家庭 / 原生家庭系列","S06-E01","父母能帮带娃","PF-B03;PF-F09","mapped","T02","资源 / 照护","NF-N1-07","父母真正需要时间、钱或照护时，「父母能帮带娃」会变成什么现实责任？","generated_series_seed","unreviewed"
"ST-0338","S06","家庭 / 原生家庭系列","S06-E01","父母能帮带娃","PF-B03;PF-F09","mapped","T03","育儿","NF-N1-11","有孩子以后，「父母能帮带娃」是现实资源，还是也会带来新的协调成本？","generated_series_seed","unreviewed"
"ST-0339","S06","家庭 / 原生家庭系列","S06-E01","父母需要经济支持","PF-D08;PF-F09","mapped","T01","婚后边界","NF-N1-11","「父母需要经济支持」进入婚后生活以后，夫妻小家和原生家庭的边界在哪里？","generated_series_seed","unreviewed"
"ST-0340","S06","家庭 / 原生家庭系列","S06-E01","父母需要经济支持","PF-D08;PF-F09","mapped","T02","资源 / 照护","NF-N1-07","父母真正需要时间、钱或照护时，「父母需要经济支持」会变成什么现实责任？","generated_series_seed","unreviewed"
"ST-0341","S06","家庭 / 原生家庭系列","S06-E01","父母需要经济支持","PF-D08;PF-F09","mapped","T03","育儿","NF-N1-11","有孩子以后，「父母需要经济支持」是现实资源，还是也会带来新的协调成本？","generated_series_seed","unreviewed"
"ST-0342","S06","家庭 / 原生家庭系列","S06-E01","父母需要长期照护","PF-D08;PF-F09","mapped","T01","婚后边界","NF-N1-11","「父母需要长期照护」进入婚后生活以后，夫妻小家和原生家庭的边界在哪里？","generated_series_seed","unreviewed"
"ST-0343","S06","家庭 / 原生家庭系列","S06-E01","父母需要长期照护","PF-D08;PF-F09","mapped","T02","资源 / 照护","NF-N1-07","父母真正需要时间、钱或照护时，「父母需要长期照护」会变成什么现实责任？","generated_series_seed","unreviewed"
"ST-0344","S06","家庭 / 原生家庭系列","S06-E01","父母需要长期照护","PF-D08;PF-F09","mapped","T03","育儿","NF-N1-11","有孩子以后，「父母需要长期照护」是现实资源，还是也会带来新的协调成本？","generated_series_seed","unreviewed"
"ST-0345","S06","家庭 / 原生家庭系列","S06-E01","家庭经济支持强","PF-A08;PF-B03","mapped","T01","婚后边界","NF-N1-11","「家庭经济支持强」进入婚后生活以后，夫妻小家和原生家庭的边界在哪里？","generated_series_seed","unreviewed"
"ST-0346","S06","家庭 / 原生家庭系列","S06-E01","家庭经济支持强","PF-A08;PF-B03","mapped","T02","资源 / 照护","NF-N1-07","父母真正需要时间、钱或照护时，「家庭经济支持强」会变成什么现实责任？","generated_series_seed","unreviewed"
"ST-0347","S06","家庭 / 原生家庭系列","S06-E01","家庭经济支持强","PF-A08;PF-B03","mapped","T03","育儿","NF-N1-11","有孩子以后，「家庭经济支持强」是现实资源，还是也会带来新的协调成本？","generated_series_seed","unreviewed"
"ST-0348","S06","家庭 / 原生家庭系列","S06-E01","小家庭边界清楚","PF-G04;PF-D02","mapped","T01","婚后边界","NF-N1-11","「小家庭边界清楚」进入婚后生活以后，夫妻小家和原生家庭的边界在哪里？","generated_series_seed","unreviewed"
"ST-0349","S06","家庭 / 原生家庭系列","S06-E01","小家庭边界清楚","PF-G04;PF-D02","mapped","T02","资源 / 照护","NF-N1-07","父母真正需要时间、钱或照护时，「小家庭边界清楚」会变成什么现实责任？","generated_series_seed","unreviewed"
"ST-0350","S06","家庭 / 原生家庭系列","S06-E01","小家庭边界清楚","PF-G04;PF-D02","mapped","T03","育儿","NF-N1-11","有孩子以后，「小家庭边界清楚」是现实资源，还是也会带来新的协调成本？","generated_series_seed","unreviewed"
"ST-0351","S07","人生目标 / 价值选择系列","S07-E01","事业心强","PF-D01","mapped","T01","口号 vs 行动","NF-N1-12","刚恋爱时，怎么判断「事业心强」只是说法，还是他真的会这样选择？","generated_series_seed","unreviewed"
"ST-0352","S07","人生目标 / 价值选择系列","S07-E01","事业心强","PF-D01","mapped","T02","重大选择","NF-N1-12","买房、换城市、事业机会出现时，「事业心强」会让两个人怎么取舍？","generated_series_seed","unreviewed"
"ST-0353","S07","人生目标 / 价值选择系列","S07-E01","事业心强","PF-D01","mapped","T03","方向冲突","NF-N1-12","两个人在「事业心强」上不一样时，哪些差异能协调，哪些可能根本不是技巧问题？","generated_series_seed","unreviewed"
"ST-0354","S07","人生目标 / 价值选择系列","S07-E01","求稳","PF-D05","mapped","T01","口号 vs 行动","NF-N1-12","刚恋爱时，怎么判断「求稳」只是说法，还是他真的会这样选择？","generated_series_seed","unreviewed"
"ST-0355","S07","人生目标 / 价值选择系列","S07-E01","求稳","PF-D05","mapped","T02","重大选择","NF-N1-12","买房、换城市、事业机会出现时，「求稳」会让两个人怎么取舍？","generated_series_seed","unreviewed"
"ST-0356","S07","人生目标 / 价值选择系列","S07-E01","求稳","PF-D05","mapped","T03","方向冲突","NF-N1-12","两个人在「求稳」上不一样时，哪些差异能协调，哪些可能根本不是技巧问题？","generated_series_seed","unreviewed"
"ST-0357","S07","人生目标 / 价值选择系列","S07-E01","追求成长","PF-D03","mapped","T01","口号 vs 行动","NF-N1-12","刚恋爱时，怎么判断「追求成长」只是说法，还是他真的会这样选择？","generated_series_seed","unreviewed"
"ST-0358","S07","人生目标 / 价值选择系列","S07-E01","追求成长","PF-D03","mapped","T02","重大选择","NF-N1-12","买房、换城市、事业机会出现时，「追求成长」会让两个人怎么取舍？","generated_series_seed","unreviewed"
"ST-0359","S07","人生目标 / 价值选择系列","S07-E01","追求成长","PF-D03","mapped","T03","方向冲突","NF-N1-12","两个人在「追求成长」上不一样时，哪些差异能协调，哪些可能根本不是技巧问题？","generated_series_seed","unreviewed"
"ST-0360","S07","人生目标 / 价值选择系列","S07-E01","重家庭","PF-D02","mapped","T01","口号 vs 行动","NF-N1-12","刚恋爱时，怎么判断「重家庭」只是说法，还是他真的会这样选择？","generated_series_seed","unreviewed"
"ST-0361","S07","人生目标 / 价值选择系列","S07-E01","重家庭","PF-D02","mapped","T02","重大选择","NF-N1-12","买房、换城市、事业机会出现时，「重家庭」会让两个人怎么取舍？","generated_series_seed","unreviewed"
"ST-0362","S07","人生目标 / 价值选择系列","S07-E01","重家庭","PF-D02","mapped","T03","方向冲突","NF-N1-12","两个人在「重家庭」上不一样时，哪些差异能协调，哪些可能根本不是技巧问题？","generated_series_seed","unreviewed"
"ST-0363","S07","人生目标 / 价值选择系列","S07-E01","重自由","PF-D04","mapped","T01","口号 vs 行动","NF-N1-12","刚恋爱时，怎么判断「重自由」只是说法，还是他真的会这样选择？","generated_series_seed","unreviewed"
"ST-0364","S07","人生目标 / 价值选择系列","S07-E01","重自由","PF-D04","mapped","T02","重大选择","NF-N1-12","买房、换城市、事业机会出现时，「重自由」会让两个人怎么取舍？","generated_series_seed","unreviewed"
"ST-0365","S07","人生目标 / 价值选择系列","S07-E01","重自由","PF-D04","mapped","T03","方向冲突","NF-N1-12","两个人在「重自由」上不一样时，哪些差异能协调，哪些可能根本不是技巧问题？","generated_series_seed","unreviewed"
"ST-0366","S07","人生目标 / 价值选择系列","S07-E01","想创业","PF-D01;PF-B04","mapped","T01","口号 vs 行动","NF-N1-12","刚恋爱时，怎么判断「想创业」只是说法，还是他真的会这样选择？","generated_series_seed","unreviewed"
"ST-0367","S07","人生目标 / 价值选择系列","S07-E01","想创业","PF-D01;PF-B04","mapped","T02","重大选择","NF-N1-12","买房、换城市、事业机会出现时，「想创业」会让两个人怎么取舍？","generated_series_seed","unreviewed"
"ST-0368","S07","人生目标 / 价值选择系列","S07-E01","想创业","PF-D01;PF-B04","mapped","T03","方向冲突","NF-N1-12","两个人在「想创业」上不一样时，哪些差异能协调，哪些可能根本不是技巧问题？","generated_series_seed","unreviewed"
"ST-0369","S07","人生目标 / 价值选择系列","S07-E01","想换城市 / 去外地","PF-B01;PF-D04","mapped","T01","口号 vs 行动","NF-N1-12","刚恋爱时，怎么判断「想换城市 / 去外地」只是说法，还是他真的会这样选择？","generated_series_seed","unreviewed"
"ST-0370","S07","人生目标 / 价值选择系列","S07-E01","想换城市 / 去外地","PF-B01;PF-D04","mapped","T02","重大选择","NF-N1-12","买房、换城市、事业机会出现时，「想换城市 / 去外地」会让两个人怎么取舍？","generated_series_seed","unreviewed"
"ST-0371","S07","人生目标 / 价值选择系列","S07-E01","想换城市 / 去外地","PF-B01;PF-D04","mapped","T03","方向冲突","NF-N1-12","两个人在「想换城市 / 去外地」上不一样时，哪些差异能协调，哪些可能根本不是技巧问题？","generated_series_seed","unreviewed"
"ST-0372","S07","人生目标 / 价值选择系列","S07-E01","要孩子","PF-D06","mapped","T01","口号 vs 行动","NF-N1-12","刚恋爱时，怎么判断「要孩子」只是说法，还是他真的会这样选择？","generated_series_seed","unreviewed"
"ST-0373","S07","人生目标 / 价值选择系列","S07-E01","要孩子","PF-D06","mapped","T02","重大选择","NF-N1-12","买房、换城市、事业机会出现时，「要孩子」会让两个人怎么取舍？","generated_series_seed","unreviewed"
"ST-0374","S07","人生目标 / 价值选择系列","S07-E01","要孩子","PF-D06","mapped","T03","方向冲突","NF-N1-12","两个人在「要孩子」上不一样时，哪些差异能协调，哪些可能根本不是技巧问题？","generated_series_seed","unreviewed"
"ST-0375","S07","人生目标 / 价值选择系列","S07-E01","不要孩子","PF-D06","mapped","T01","口号 vs 行动","NF-N1-12","刚恋爱时，怎么判断「不要孩子」只是说法，还是他真的会这样选择？","generated_series_seed","unreviewed"
"ST-0376","S07","人生目标 / 价值选择系列","S07-E01","不要孩子","PF-D06","mapped","T02","重大选择","NF-N1-12","买房、换城市、事业机会出现时，「不要孩子」会让两个人怎么取舍？","generated_series_seed","unreviewed"
"ST-0377","S07","人生目标 / 价值选择系列","S07-E01","不要孩子","PF-D06","mapped","T03","方向冲突","NF-N1-12","两个人在「不要孩子」上不一样时，哪些差异能协调，哪些可能根本不是技巧问题？","generated_series_seed","unreviewed"
"ST-0378","S07","人生目标 / 价值选择系列","S07-E01","想早婚 / 晚婚","PF-D06","needs_resolution","T01","口号 vs 行动","NF-N1-12","刚恋爱时，怎么判断「想早婚 / 晚婚」只是说法，还是他真的会这样选择？","generated_series_seed","unreviewed"
"ST-0379","S07","人生目标 / 价值选择系列","S07-E01","想早婚 / 晚婚","PF-D06","needs_resolution","T02","重大选择","NF-N1-12","买房、换城市、事业机会出现时，「想早婚 / 晚婚」会让两个人怎么取舍？","generated_series_seed","unreviewed"
"ST-0380","S07","人生目标 / 价值选择系列","S07-E01","想早婚 / 晚婚","PF-D06","needs_resolution","T03","方向冲突","NF-N1-12","两个人在「想早婚 / 晚婚」上不一样时，哪些差异能协调，哪些可能根本不是技巧问题？","generated_series_seed","unreviewed"
"ST-0381","S07","人生目标 / 价值选择系列","S07-E01","重物质安全","PF-D05;PF-A06","mapped","T01","口号 vs 行动","NF-N1-12","刚恋爱时，怎么判断「重物质安全」只是说法，还是他真的会这样选择？","generated_series_seed","unreviewed"
"ST-0382","S07","人生目标 / 价值选择系列","S07-E01","重物质安全","PF-D05;PF-A06","mapped","T02","重大选择","NF-N1-12","买房、换城市、事业机会出现时，「重物质安全」会让两个人怎么取舍？","generated_series_seed","unreviewed"
"ST-0383","S07","人生目标 / 价值选择系列","S07-E01","重物质安全","PF-D05;PF-A06","mapped","T03","方向冲突","NF-N1-12","两个人在「重物质安全」上不一样时，哪些差异能协调，哪些可能根本不是技巧问题？","generated_series_seed","unreviewed"
"ST-0384","S07","人生目标 / 价值选择系列","S07-E01","重体验","PF-F07;PF-D04","mapped","T01","口号 vs 行动","NF-N1-12","刚恋爱时，怎么判断「重体验」只是说法，还是他真的会这样选择？","generated_series_seed","unreviewed"
"ST-0385","S07","人生目标 / 价值选择系列","S07-E01","重体验","PF-F07;PF-D04","mapped","T02","重大选择","NF-N1-12","买房、换城市、事业机会出现时，「重体验」会让两个人怎么取舍？","generated_series_seed","unreviewed"
"ST-0386","S07","人生目标 / 价值选择系列","S07-E01","重体验","PF-F07;PF-D04","mapped","T03","方向冲突","NF-N1-12","两个人在「重体验」上不一样时，哪些差异能协调，哪些可能根本不是技巧问题？","generated_series_seed","unreviewed"
"ST-0387","S07","人生目标 / 价值选择系列","S07-E01","重忠诚","PF-D07","mapped","T01","口号 vs 行动","NF-N1-12","刚恋爱时，怎么判断「重忠诚」只是说法，还是他真的会这样选择？","generated_series_seed","unreviewed"
"ST-0388","S07","人生目标 / 价值选择系列","S07-E01","重忠诚","PF-D07","mapped","T02","重大选择","NF-N1-12","买房、换城市、事业机会出现时，「重忠诚」会让两个人怎么取舍？","generated_series_seed","unreviewed"
"ST-0389","S07","人生目标 / 价值选择系列","S07-E01","重忠诚","PF-D07","mapped","T03","方向冲突","NF-N1-12","两个人在「重忠诚」上不一样时，哪些差异能协调，哪些可能根本不是技巧问题？","generated_series_seed","unreviewed"
"ST-0390","S07","人生目标 / 价值选择系列","S07-E01","成功定义强 / 目标明确","PF-D01;PF-D03","needs_resolution","T01","口号 vs 行动","NF-N1-12","刚恋爱时，怎么判断「成功定义强 / 目标明确」只是说法，还是他真的会这样选择？","generated_series_seed","unreviewed"
"ST-0391","S07","人生目标 / 价值选择系列","S07-E01","成功定义强 / 目标明确","PF-D01;PF-D03","needs_resolution","T02","重大选择","NF-N1-12","买房、换城市、事业机会出现时，「成功定义强 / 目标明确」会让两个人怎么取舍？","generated_series_seed","unreviewed"
"ST-0392","S07","人生目标 / 价值选择系列","S07-E01","成功定义强 / 目标明确","PF-D01;PF-D03","needs_resolution","T03","方向冲突","NF-N1-12","两个人在「成功定义强 / 目标明确」上不一样时，哪些差异能协调，哪些可能根本不是技巧问题？","generated_series_seed","unreviewed"
"ST-0393","S08","能力 / 成熟度系列","S08-E01","赚钱能力强","PF-E01","mapped","T01","日常验证","NF-N1-07","“赚钱能力强”不用等大事：在普通生活里可以从哪些小事看出来？","generated_series_seed","unreviewed"
"ST-0394","S08","能力 / 成熟度系列","S08-E01","赚钱能力强","PF-E01","mapped","T02","压力验证","NF-N1-05","压力和危机真的来了以后，“赚钱能力强”还能不能成立？","generated_series_seed","unreviewed"
"ST-0395","S08","能力 / 成熟度系列","S08-E01","赚钱能力强","PF-E01","mapped","T03","持续改变","NF-N1-03","说自己「赚钱能力强」和长期真的做到之间，要看什么证据？","generated_series_seed","unreviewed"
"ST-0396","S08","能力 / 成熟度系列","S08-E01","会做决定","PF-E02","mapped","T01","日常验证","NF-N1-07","“会做决定”不用等大事：在普通生活里可以从哪些小事看出来？","generated_series_seed","unreviewed"
"ST-0397","S08","能力 / 成熟度系列","S08-E01","会做决定","PF-E02","mapped","T02","压力验证","NF-N1-05","压力和危机真的来了以后，“会做决定”还能不能成立？","generated_series_seed","unreviewed"
"ST-0398","S08","能力 / 成熟度系列","S08-E01","会做决定","PF-E02","mapped","T03","持续改变","NF-N1-03","说自己「会做决定」和长期真的做到之间，要看什么证据？","generated_series_seed","unreviewed"
"ST-0399","S08","能力 / 成熟度系列","S08-E01","逻辑强","PF-E02","mapped","T01","日常验证","NF-N1-07","“逻辑强”不用等大事：在普通生活里可以从哪些小事看出来？","generated_series_seed","unreviewed"
"ST-0400","S08","能力 / 成熟度系列","S08-E01","逻辑强","PF-E02","mapped","T02","压力验证","NF-N1-05","压力和危机真的来了以后，“逻辑强”还能不能成立？","generated_series_seed","unreviewed"
"ST-0401","S08","能力 / 成熟度系列","S08-E01","逻辑强","PF-E02","mapped","T03","持续改变","NF-N1-03","说自己「逻辑强」和长期真的做到之间，要看什么证据？","generated_series_seed","unreviewed"
"ST-0402","S08","能力 / 成熟度系列","S08-E01","情绪调节好","PF-E03","mapped","T01","日常验证","NF-N1-07","“情绪调节好”不用等大事：在普通生活里可以从哪些小事看出来？","generated_series_seed","unreviewed"
"ST-0403","S08","能力 / 成熟度系列","S08-E01","情绪调节好","PF-E03","mapped","T02","压力验证","NF-N1-05","压力和危机真的来了以后，“情绪调节好”还能不能成立？","generated_series_seed","unreviewed"
"ST-0404","S08","能力 / 成熟度系列","S08-E01","情绪调节好","PF-E03","mapped","T03","持续改变","NF-N1-03","说自己「情绪调节好」和长期真的做到之间，要看什么证据？","generated_series_seed","unreviewed"
"ST-0405","S08","能力 / 成熟度系列","S08-E01","会沟通","PF-E04","mapped","T01","日常验证","NF-N1-07","“会沟通”不用等大事：在普通生活里可以从哪些小事看出来？","generated_series_seed","unreviewed"
"ST-0406","S08","能力 / 成熟度系列","S08-E01","会沟通","PF-E04","mapped","T02","压力验证","NF-N1-05","压力和危机真的来了以后，“会沟通”还能不能成立？","generated_series_seed","unreviewed"
"ST-0407","S08","能力 / 成熟度系列","S08-E01","会沟通","PF-E04","mapped","T03","持续改变","NF-N1-03","说自己「会沟通」和长期真的做到之间，要看什么证据？","generated_series_seed","unreviewed"
"ST-0408","S08","能力 / 成熟度系列","S08-E01","会共情","PF-E04","mapped","T01","日常验证","NF-N1-07","“会共情”不用等大事：在普通生活里可以从哪些小事看出来？","generated_series_seed","unreviewed"
"ST-0409","S08","能力 / 成熟度系列","S08-E01","会共情","PF-E04","mapped","T02","压力验证","NF-N1-05","压力和危机真的来了以后，“会共情”还能不能成立？","generated_series_seed","unreviewed"
"ST-0410","S08","能力 / 成熟度系列","S08-E01","会共情","PF-E04","mapped","T03","持续改变","NF-N1-03","说自己「会共情」和长期真的做到之间，要看什么证据？","generated_series_seed","unreviewed"
"ST-0411","S08","能力 / 成熟度系列","S08-E01","生活管理能力强","PF-E05","mapped","T01","日常验证","NF-N1-07","“生活管理能力强”不用等大事：在普通生活里可以从哪些小事看出来？","generated_series_seed","unreviewed"
"ST-0412","S08","能力 / 成熟度系列","S08-E01","生活管理能力强","PF-E05","mapped","T02","压力验证","NF-N1-05","压力和危机真的来了以后，“生活管理能力强”还能不能成立？","generated_series_seed","unreviewed"
"ST-0413","S08","能力 / 成熟度系列","S08-E01","生活管理能力强","PF-E05","mapped","T03","持续改变","NF-N1-03","说自己「生活管理能力强」和长期真的做到之间，要看什么证据？","generated_series_seed","unreviewed"
"ST-0414","S08","能力 / 成熟度系列","S08-E01","会做饭 / 会做家务","PF-E05","mapped","T01","日常验证","NF-N1-07","“会做饭 / 会做家务”不用等大事：在普通生活里可以从哪些小事看出来？","generated_series_seed","unreviewed"
"ST-0415","S08","能力 / 成熟度系列","S08-E01","会做饭 / 会做家务","PF-E05","mapped","T02","压力验证","NF-N1-05","压力和危机真的来了以后，“会做饭 / 会做家务”还能不能成立？","generated_series_seed","unreviewed"
"ST-0416","S08","能力 / 成熟度系列","S08-E01","会做饭 / 会做家务","PF-E05","mapped","T03","持续改变","NF-N1-03","说自己「会做饭 / 会做家务」和长期真的做到之间，要看什么证据？","generated_series_seed","unreviewed"
"ST-0417","S08","能力 / 成熟度系列","S08-E01","会反思 / 能改","PF-E06","mapped","T01","日常验证","NF-N1-07","“会反思 / 能改”不用等大事：在普通生活里可以从哪些小事看出来？","generated_series_seed","unreviewed"
"ST-0418","S08","能力 / 成熟度系列","S08-E01","会反思 / 能改","PF-E06","mapped","T02","压力验证","NF-N1-05","压力和危机真的来了以后，“会反思 / 能改”还能不能成立？","generated_series_seed","unreviewed"
"ST-0419","S08","能力 / 成熟度系列","S08-E01","会反思 / 能改","PF-E06","mapped","T03","持续改变","NF-N1-03","说自己「会反思 / 能改」和长期真的做到之间，要看什么证据？","generated_series_seed","unreviewed"
"ST-0420","S08","能力 / 成熟度系列","S08-E01","抗压力","PF-E03;PF-G07","needs_resolution","T01","日常验证","NF-N1-07","“抗压力”不用等大事：在普通生活里可以从哪些小事看出来？","generated_series_seed","unreviewed"
"ST-0421","S08","能力 / 成熟度系列","S08-E01","抗压力","PF-E03;PF-G07","needs_resolution","T02","压力验证","NF-N1-05","压力和危机真的来了以后，“抗压力”还能不能成立？","generated_series_seed","unreviewed"
"ST-0422","S08","能力 / 成熟度系列","S08-E01","抗压力","PF-E03;PF-G07","needs_resolution","T03","持续改变","NF-N1-03","说自己「抗压力」和长期真的做到之间，要看什么证据？","generated_series_seed","unreviewed"
"ST-0423","S08","能力 / 成熟度系列","S08-E01","会解决问题","PF-E02","mapped","T01","日常验证","NF-N1-07","“会解决问题”不用等大事：在普通生活里可以从哪些小事看出来？","generated_series_seed","unreviewed"
"ST-0424","S08","能力 / 成熟度系列","S08-E01","会解决问题","PF-E02","mapped","T02","压力验证","NF-N1-05","压力和危机真的来了以后，“会解决问题”还能不能成立？","generated_series_seed","unreviewed"
"ST-0425","S08","能力 / 成熟度系列","S08-E01","会解决问题","PF-E02","mapped","T03","持续改变","NF-N1-03","说自己「会解决问题」和长期真的做到之间，要看什么证据？","generated_series_seed","unreviewed"
"ST-0426","S08","能力 / 成熟度系列","S08-E01","能长期承担责任","PF-G02;PF-G03","mapped","T01","日常验证","NF-N1-07","“能长期承担责任”不用等大事：在普通生活里可以从哪些小事看出来？","generated_series_seed","unreviewed"
"ST-0427","S08","能力 / 成熟度系列","S08-E01","能长期承担责任","PF-G02;PF-G03","mapped","T02","压力验证","NF-N1-05","压力和危机真的来了以后，“能长期承担责任”还能不能成立？","generated_series_seed","unreviewed"
"ST-0428","S08","能力 / 成熟度系列","S08-E01","能长期承担责任","PF-G02;PF-G03","mapped","T03","持续改变","NF-N1-03","说自己「能长期承担责任」和长期真的做到之间，要看什么证据？","generated_series_seed","unreviewed"
"ST-0429","S09","外貌 / 身体 / 吸引系列","S09-E01","长得好看","PF-A01","mapped","T01","吸引形状","NF-N1-01","「长得好看」对你来说是硬门槛、加分项，还是相处后会变化的东西？","generated_series_seed","unreviewed"
"ST-0430","S09","外貌 / 身体 / 吸引系列","S09-E01","长得好看","PF-A01","mapped","T02","时间 / 身体变化","NF-N1-10","同居、生育、年龄和身体状态变化以后，「长得好看」还会怎么影响吸引？","generated_series_seed","unreviewed"
"ST-0431","S09","外貌 / 身体 / 吸引系列","S09-E01","长得好看","PF-A01","mapped","T03","个体差异","NF-N1-01","同样的「长得好看」，为什么对一个人很有吸引力，对另一个人完全无感？","generated_series_seed","unreviewed"
"ST-0432","S09","外貌 / 身体 / 吸引系列","S09-E01","看着顺眼","PF-A01","mapped","T01","吸引形状","NF-N1-01","「看着顺眼」对你来说是硬门槛、加分项，还是相处后会变化的东西？","generated_series_seed","unreviewed"
"ST-0433","S09","外貌 / 身体 / 吸引系列","S09-E01","看着顺眼","PF-A01","mapped","T02","时间 / 身体变化","NF-N1-10","同居、生育、年龄和身体状态变化以后，「看着顺眼」还会怎么影响吸引？","generated_series_seed","unreviewed"
"ST-0434","S09","外貌 / 身体 / 吸引系列","S09-E01","看着顺眼","PF-A01","mapped","T03","个体差异","NF-N1-01","同样的「看着顺眼」，为什么对一个人很有吸引力，对另一个人完全无感？","generated_series_seed","unreviewed"
"ST-0435","S09","外貌 / 身体 / 吸引系列","S09-E01","身高","PF-A02","mapped","T01","吸引形状","NF-N1-01","「身高」对你来说是硬门槛、加分项，还是相处后会变化的东西？","generated_series_seed","unreviewed"
"ST-0436","S09","外貌 / 身体 / 吸引系列","S09-E01","身高","PF-A02","mapped","T02","时间 / 身体变化","NF-N1-10","同居、生育、年龄和身体状态变化以后，「身高」还会怎么影响吸引？","generated_series_seed","unreviewed"
"ST-0437","S09","外貌 / 身体 / 吸引系列","S09-E01","身高","PF-A02","mapped","T03","个体差异","NF-N1-01","同样的「身高」，为什么对一个人很有吸引力，对另一个人完全无感？","generated_series_seed","unreviewed"
"ST-0438","S09","外貌 / 身体 / 吸引系列","S09-E01","身材","PF-A02","mapped","T01","吸引形状","NF-N1-01","「身材」对你来说是硬门槛、加分项，还是相处后会变化的东西？","generated_series_seed","unreviewed"
"ST-0439","S09","外貌 / 身体 / 吸引系列","S09-E01","身材","PF-A02","mapped","T02","时间 / 身体变化","NF-N1-10","同居、生育、年龄和身体状态变化以后，「身材」还会怎么影响吸引？","generated_series_seed","unreviewed"
"ST-0440","S09","外貌 / 身体 / 吸引系列","S09-E01","身材","PF-A02","mapped","T03","个体差异","NF-N1-01","同样的「身材」，为什么对一个人很有吸引力，对另一个人完全无感？","generated_series_seed","unreviewed"
"ST-0441","S09","外貌 / 身体 / 吸引系列","S09-E01","健身身材","PF-A02;PF-F05","mapped","T01","吸引形状","NF-N1-01","「健身身材」对你来说是硬门槛、加分项，还是相处后会变化的东西？","generated_series_seed","unreviewed"
"ST-0442","S09","外貌 / 身体 / 吸引系列","S09-E01","健身身材","PF-A02;PF-F05","mapped","T02","时间 / 身体变化","NF-N1-10","同居、生育、年龄和身体状态变化以后，「健身身材」还会怎么影响吸引？","generated_series_seed","unreviewed"
"ST-0443","S09","外貌 / 身体 / 吸引系列","S09-E01","健身身材","PF-A02;PF-F05","mapped","T03","个体差异","NF-N1-01","同样的「健身身材」，为什么对一个人很有吸引力，对另一个人完全无感？","generated_series_seed","unreviewed"
"ST-0444","S09","外貌 / 身体 / 吸引系列","S09-E01","穿搭 / 精致","PF-A01;PF-F07","editorial_seed","T01","吸引形状","NF-N1-01","「穿搭 / 精致」对你来说是硬门槛、加分项，还是相处后会变化的东西？","generated_series_seed","unreviewed"
"ST-0445","S09","外貌 / 身体 / 吸引系列","S09-E01","穿搭 / 精致","PF-A01;PF-F07","editorial_seed","T02","时间 / 身体变化","NF-N1-10","同居、生育、年龄和身体状态变化以后，「穿搭 / 精致」还会怎么影响吸引？","generated_series_seed","unreviewed"
"ST-0446","S09","外貌 / 身体 / 吸引系列","S09-E01","穿搭 / 精致","PF-A01;PF-F07","editorial_seed","T03","个体差异","NF-N1-01","同样的「穿搭 / 精致」，为什么对一个人很有吸引力，对另一个人完全无感？","generated_series_seed","unreviewed"
"ST-0447","S09","外貌 / 身体 / 吸引系列","S09-E01","年龄感","PF-A03;PF-A01","needs_resolution","T01","吸引形状","NF-N1-01","「年龄感」对你来说是硬门槛、加分项，还是相处后会变化的东西？","generated_series_seed","unreviewed"
"ST-0448","S09","外貌 / 身体 / 吸引系列","S09-E01","年龄感","PF-A03;PF-A01","needs_resolution","T02","时间 / 身体变化","NF-N1-10","同居、生育、年龄和身体状态变化以后，「年龄感」还会怎么影响吸引？","generated_series_seed","unreviewed"
"ST-0449","S09","外貌 / 身体 / 吸引系列","S09-E01","年龄感","PF-A03;PF-A01","needs_resolution","T03","个体差异","NF-N1-01","同样的「年龄感」，为什么对一个人很有吸引力，对另一个人完全无感？","generated_series_seed","unreviewed"
"ST-0450","S09","外貌 / 身体 / 吸引系列","S09-E01","生理吸引","PF-A01","mapped","T01","吸引形状","NF-N1-01","「生理吸引」对你来说是硬门槛、加分项，还是相处后会变化的东西？","generated_series_seed","unreviewed"
"ST-0451","S09","外貌 / 身体 / 吸引系列","S09-E01","生理吸引","PF-A01","mapped","T02","时间 / 身体变化","NF-N1-10","同居、生育、年龄和身体状态变化以后，「生理吸引」还会怎么影响吸引？","generated_series_seed","unreviewed"
"ST-0452","S09","外貌 / 身体 / 吸引系列","S09-E01","生理吸引","PF-A01","mapped","T03","个体差异","NF-N1-01","同样的「生理吸引」，为什么对一个人很有吸引力，对另一个人完全无感？","generated_series_seed","unreviewed"
"ST-0453","S09","外貌 / 身体 / 吸引系列","S09-E01","相处后越来越喜欢","PF-A01;PF-G01","needs_resolution","T01","吸引形状","NF-N1-01","「相处后越来越喜欢」对你来说是硬门槛、加分项，还是相处后会变化的东西？","generated_series_seed","unreviewed"
"ST-0454","S09","外貌 / 身体 / 吸引系列","S09-E01","相处后越来越喜欢","PF-A01;PF-G01","needs_resolution","T02","时间 / 身体变化","NF-N1-10","同居、生育、年龄和身体状态变化以后，「相处后越来越喜欢」还会怎么影响吸引？","generated_series_seed","unreviewed"
"ST-0455","S09","外貌 / 身体 / 吸引系列","S09-E01","相处后越来越喜欢","PF-A01;PF-G01","needs_resolution","T03","个体差异","NF-N1-01","同样的「相处后越来越喜欢」，为什么对一个人很有吸引力，对另一个人完全无感？","generated_series_seed","unreviewed"
"ST-0456","S09","外貌 / 身体 / 吸引系列","S09-E01","第一眼普通但长期有吸引","PF-A01;PF-G01","needs_resolution","T01","吸引形状","NF-N1-01","「第一眼普通但长期有吸引」对你来说是硬门槛、加分项，还是相处后会变化的东西？","generated_series_seed","unreviewed"
"ST-0457","S09","外貌 / 身体 / 吸引系列","S09-E01","第一眼普通但长期有吸引","PF-A01;PF-G01","needs_resolution","T02","时间 / 身体变化","NF-N1-10","同居、生育、年龄和身体状态变化以后，「第一眼普通但长期有吸引」还会怎么影响吸引？","generated_series_seed","unreviewed"
"ST-0458","S09","外貌 / 身体 / 吸引系列","S09-E01","第一眼普通但长期有吸引","PF-A01;PF-G01","needs_resolution","T03","个体差异","NF-N1-01","同样的「第一眼普通但长期有吸引」，为什么对一个人很有吸引力，对另一个人完全无感？","generated_series_seed","unreviewed"