"raw_id","source_id","raw_layer","raw_term","notes"
"R001","S01","candidate_fact","年龄","Relationship current formal candidate facts"
"R002","S01","candidate_fact","城市","Relationship current formal candidate facts"
"R003","S01","candidate_fact","学历","Relationship current formal candidate facts"
"R004","S01","candidate_fact","工作/职业","Relationship current formal candidate facts"
"R005","S01","candidate_fact","收入","Relationship current formal candidate facts"
"R006","S01","candidate_fact","住房","Relationship current formal candidate facts"
"R007","S01","candidate_fact","家庭背景","Relationship current formal candidate facts"
"R008","S01","candidate_fact","婚恋意图","Relationship current formal candidate facts"
"R009","S01","candidate_fact","孩子态度","Relationship current formal candidate facts"
"R010","S01","candidate_fact","吸烟","Relationship current formal candidate facts"
"R011","S01","candidate_fact","饮酒","Relationship current formal candidate facts"
"R012","S01","candidate_fact","迁移可能性","Relationship current formal candidate facts"
"R013","S01","relationship_trait","经济稳定性","Relationship current formal backend dimensions"
"R014","S01","relationship_trait","事业投入","Relationship current formal backend dimensions"
"R015","S01","relationship_trait","日常可用时间","Relationship current formal backend dimensions"
"R016","S01","relationship_trait","回应性","Relationship current formal backend dimensions"
"R017","S01","relationship_trait","危机可靠性","Relationship current formal backend dimensions"
"R018","S01","relationship_trait","自主空间需要","Relationship current formal backend dimensions"
"R019","S01","relationship_trait","家庭投入","Relationship current formal backend dimensions"
"R020","S01","relationship_trait","社交能量","Relationship current formal backend dimensions"
"R021","S01","relationship_trait","可预测性","Relationship current formal backend dimensions"
"R022","S01","relationship_trait","公平","Relationship current formal backend dimensions"
"R023","S01","relationship_trait","边界尊重","Relationship current formal backend dimensions"
"R024","S02","person_material","外向/内向","Person model raw person-material examples"
"R025","S02","person_material","谨慎/冒险","Person model raw person-material examples"
"R026","S02","person_material","情绪反应","Person model raw person-material examples"
"R027","S02","person_material","责任倾向","Person model raw person-material examples"
"R028","S02","person_material","自我控制","Person model raw person-material examples"
"R029","S02","person_material","依恋和防御方式","Person model raw person-material examples"
"R030","S02","person_material","事业与家庭排序","Person model raw person-material examples"
"R031","S02","person_material","是否要孩子","Person model raw person-material examples"
"R032","S02","person_material","钱","Person model raw person-material examples"
"R033","S02","person_material","自由","Person model raw person-material examples"
"R034","S02","person_material","安全","Person model raw person-material examples"
"R035","S02","person_material","忠诚","Person model raw person-material examples"
"R036","S02","person_material","陪伴需要","Person model raw person-material examples"
"R037","S02","person_material","空间需要","Person model raw person-material examples"
"R038","S02","person_material","认可需要","Person model raw person-material examples"
"R039","S02","person_material","成长需要","Person model raw person-material examples"
"R040","S02","person_material","逻辑能力","Person model raw person-material examples"
"R041","S02","person_material","结构化能力","Person model raw person-material examples"
"R042","S02","person_material","决策能力","Person model raw person-material examples"
"R043","S02","person_material","作息","Person model raw person-material examples"
"R044","S02","person_material","消费","Person model raw person-material examples"
"R045","S02","person_material","运动","Person model raw person-material examples"
"R046","S02","person_material","社交","Person model raw person-material examples"
"R047","S02","person_material","饮食","Person model raw person-material examples"
"R048","S02","person_material","整洁","Person model raw person-material examples"
"R049","S02","person_material","冲突处理习惯","Person model raw person-material examples"
"R050","S02","person_material","原生家庭","Person model raw person-material examples"
"R051","S02","person_material","过去关系","Person model raw person-material examples"
"R052","S02","person_material","工作经历","Person model raw person-material examples"
"R053","S02","person_material","成功经历","Person model raw person-material examples"
"R054","S02","person_material","失败经历","Person model raw person-material examples"
"R055","S02","person_material","长期照护经历","Person model raw person-material examples"
"R056","S02","person_material","创业经历","Person model raw person-material examples"
"R057","S02","person_material","疾病经历","Person model raw person-material examples"
"R058","S02","person_material","失业","Person model raw person-material examples"
"R059","S02","person_material","父母生病","Person model raw person-material examples"
"R060","S02","person_material","带孩子","Person model raw person-material examples"
"R061","S02","person_material","债务","Person model raw person-material examples"
"R062","S02","person_material","身体状态","Person model raw person-material examples"
"R063","S02","person_material","当前压力","Person model raw person-material examples"
"R064","S03","information_model","现实事实","Internal research upper-level views"
"R065","S03","information_model","资源分配","Internal research upper-level views"
"R066","S03","information_model","关系过程","Internal research upper-level views"
"R067","S03","information_model","生活事件领域","Internal research upper-level views"
"R068","S03","resource_allocation","时间","Internal research"
"R069","S03","resource_allocation","钱","Internal research"
"R070","S03","resource_allocation","精力","Internal research"
"R071","S03","resource_allocation","注意力","Internal research"
"R072","S03","resource_allocation","空间","Internal research"
"R073","S03","resource_allocation","计划性","Internal research"
"R074","S03","relationship_process","回应","Internal research"
"R075","S03","relationship_process","可靠","Internal research"
"R076","S03","relationship_process","公平","Internal research"
"R077","S03","relationship_process","边界","Internal research"
"R078","S03","relationship_process","冲突","Internal research"
"R079","S03","relationship_process","修复","Internal research"
"R080","S03","event_domain","钱","Internal research"
"R081","S03","event_domain","房","Internal research"
"R082","S03","event_domain","工作","Internal research"
"R083","S03","event_domain","家务","Internal research"
"R084","S03","event_domain","孩子","Internal research"
"R085","S03","event_domain","父母","Internal research"
"R086","S03","event_domain","社交","Internal research"
"R087","S03","event_domain","健康","Internal research"
"R088","S03","event_domain","亲密","Internal research"
"R089","S03","event_domain","迁移","Internal research"
"R090","S03","event_domain","休闲","Internal research"
"R091","S04","search_filter","地区","Current Jiayuan member search filters"
"R092","S04","search_filter","年龄","Current Jiayuan member search filters"
"R093","S04","search_filter","身高","Current Jiayuan member search filters"
"R094","S04","search_filter","婚史","Current Jiayuan member search filters"
"R095","S04","search_filter","学历","Current Jiayuan member search filters"
"R096","S04","search_filter","月薪","Current Jiayuan member search filters"
"R097","S04","search_filter","住房","Current Jiayuan member search filters"
"R098","S04","search_filter","购车","Current Jiayuan member search filters"
"R099","S04","popular_search_term","真诚","Current Jiayuan popular search terms surfaced by search page"
"R100","S04","popular_search_term","惹人注目","Current Jiayuan popular search terms surfaced by search page"
"R101","S04","popular_search_term","长发","Current Jiayuan popular search terms surfaced by search page"
"R102","S04","popular_search_term","清纯可爱","Current Jiayuan popular search terms surfaced by search page"
"R103","S04","popular_search_term","笑得很甜","Current Jiayuan popular search terms surfaced by search page"
"R104","S04","popular_search_term","文静","Current Jiayuan popular search terms surfaced by search page"
"R105","S04","popular_search_term","羞涩","Current Jiayuan popular search terms surfaced by search page"
"R106","S04","popular_search_term","超凡脱俗","Current Jiayuan popular search terms surfaced by search page"
"R107","S04","popular_search_term","爱运动","Current Jiayuan popular search terms surfaced by search page"
"R108","S04","popular_search_term","野蛮女友","Current Jiayuan popular search terms surfaced by search page"
"R109","S04","popular_search_term","妩媚","Current Jiayuan popular search terms surfaced by search page"
"R110","S04","popular_search_term","端庄大方","Current Jiayuan popular search terms surfaced by search page"
"R111","S04","popular_search_term","秀外慧中","Current Jiayuan popular search terms surfaced by search page"
"R112","S04","popular_search_term","小资","Current Jiayuan popular search terms surfaced by search page"
"R113","S04","popular_search_term","宅女","Current Jiayuan popular search terms surfaced by search page"
"R114","S04","popular_search_term","高挑","Current Jiayuan popular search terms surfaced by search page"
"R115","S04","popular_search_term","有气质","Current Jiayuan popular search terms surfaced by search page"
"R116","S04","popular_search_term","孝顺","Current Jiayuan popular search terms surfaced by search page"
"R117","S04","popular_search_term","老师","Current Jiayuan popular search terms surfaced by search page"
"R118","S04","popular_search_term","善良","Current Jiayuan popular search terms surfaced by search page"
"R119","S04","popular_search_term","个性","Current Jiayuan popular search terms surfaced by search page"
"R120","S04","popular_search_term","活泼开朗","Current Jiayuan popular search terms surfaced by search page"
"R121","S04","popular_search_term","理财","Current Jiayuan popular search terms surfaced by search page"
"R122","S04","popular_search_term","成熟大气","Current Jiayuan popular search terms surfaced by search page"
"R123","S04","popular_search_term","性感风情","Current Jiayuan popular search terms surfaced by search page"
"R124","S04","popular_search_term","骨感","Current Jiayuan popular search terms surfaced by search page"
"R125","S05","profile_field","性别","Current Jiayuan profile fields"
"R126","S05","profile_field","年龄","Current Jiayuan profile fields"
"R127","S05","profile_field","身高","Current Jiayuan profile fields"
"R128","S05","profile_field","体重","Current Jiayuan profile fields"
"R129","S05","profile_field","学历","Current Jiayuan profile fields"
"R130","S05","profile_field","婚姻状况","Current Jiayuan profile fields"
"R131","S05","profile_field","所在地","Current Jiayuan profile fields"
"R132","S05","profile_field","月薪区间","Current Jiayuan profile fields"
"R133","S05","profile_field","住房情况","Current Jiayuan profile fields"
"R134","S05","profile_field","购车情况","Current Jiayuan profile fields"
"R135","S05","profile_field","籍贯","Current Jiayuan profile fields"
"R136","S05","profile_field","户口","Current Jiayuan profile fields"
"R137","S05","profile_field","血型","Current Jiayuan profile fields"
"R138","S05","profile_field","民族","Current Jiayuan profile fields"
"R139","S05","profile_field","毕业院校","Current Jiayuan profile fields"
"R140","S05","profile_field","公司类型","Current Jiayuan profile fields"
"R141","S05","profile_field","职业","Current Jiayuan profile fields"
"R142","S05","profile_field","是否抽烟","Current Jiayuan profile fields"
"R143","S05","profile_field","是否喝酒","Current Jiayuan profile fields"
"R144","S05","profile_field","是否有孩子","Current Jiayuan profile fields"
"R145","S05","profile_field","是否想要孩子","Current Jiayuan profile fields"
"R146","S05","profile_field","何时结婚","Current Jiayuan profile fields"
"R147","S05","profile_field","性格","Current Jiayuan profile fields"
"R148","S05","profile_field","外形","Current Jiayuan profile fields"
"R149","S05","profile_field","个性标签","Current Jiayuan profile fields"
"R150","S05","profile_field","运动爱好","Current Jiayuan profile fields"
"R151","S05","profile_field","美食爱好","Current Jiayuan profile fields"
"R152","S05","profile_field","旅游足迹","Current Jiayuan profile fields"
"R153","S05","mate_condition_field","择偶年龄","Current Jiayuan explicit mate-condition fields"
"R154","S05","mate_condition_field","择偶身高","Current Jiayuan explicit mate-condition fields"
"R155","S05","mate_condition_field","择偶所在地","Current Jiayuan explicit mate-condition fields"
"R156","S05","mate_condition_field","择偶学历","Current Jiayuan explicit mate-condition fields"
"R157","S05","mate_condition_field","择偶居住地","Current Jiayuan explicit mate-condition fields"
"R158","S05","mate_condition_field","择偶婚姻状况","Current Jiayuan explicit mate-condition fields"
"R159","S06","self_description_tag","完美主义","Current Jiayuan registration tags"
"R160","S06","self_description_tag","冷静","Current Jiayuan registration tags"
"R161","S06","self_description_tag","稳重","Current Jiayuan registration tags"
"R162","S06","self_description_tag","爱挑战","Current Jiayuan registration tags"
"R163","S06","self_description_tag","有责任心","Current Jiayuan registration tags"
"R164","S06","self_description_tag","开朗","Current Jiayuan registration tags"
"R165","S06","self_description_tag","包容","Current Jiayuan registration tags"
"R166","S06","self_description_tag","乐观","Current Jiayuan registration tags"
"R167","S06","self_description_tag","游泳","Current Jiayuan registration tags"
"R168","S06","self_description_tag","NBA","Current Jiayuan registration tags"
"R169","S06","self_description_tag","画画","Current Jiayuan registration tags"
"R170","S06","self_description_tag","美食","Current Jiayuan registration tags"
"R171","S06","self_description_tag","运动","Current Jiayuan registration tags"
"R172","S06","self_description_tag","话剧","Current Jiayuan registration tags"
"R173","S06","self_description_tag","帅","Current Jiayuan registration tags"
"R174","S06","self_description_tag","比较瘦","Current Jiayuan registration tags"
"R175","S06","self_description_tag","有腹肌","Current Jiayuan registration tags"
"R176","S06","self_description_tag","有男人味","Current Jiayuan registration tags"
"R177","S06","self_description_tag","自己创业","Current Jiayuan registration tags"
"R178","S06","self_description_tag","在私企","Current Jiayuan registration tags"
"R179","S06","self_description_tag","在国企","Current Jiayuan registration tags"
"R180","S06","self_description_tag","外企","Current Jiayuan registration tags"
"R181","S06","self_description_tag","胖子","Current Jiayuan registration tags"
"R182","S06","self_description_tag","话唠","Current Jiayuan registration tags"
"R183","S06","self_description_tag","潮男","Current Jiayuan registration tags"
"R184","S06","self_description_tag","工作狂","Current Jiayuan registration tags"
"R185","S07","profile_field","工作地区","Current Zhenai optional profile/mate information"
"R186","S07","profile_field","身高","Current Zhenai optional profile/mate information"
"R187","S07","profile_field","学历","Current Zhenai optional profile/mate information"
"R188","S07","profile_field","月收入区间","Current Zhenai optional profile/mate information"
"R189","S07","profile_field","籍贯","Current Zhenai optional profile/mate information"
"R190","S07","profile_field","职业","Current Zhenai optional profile/mate information"
"R191","S07","profile_field","买车情况","Current Zhenai optional profile/mate information"
"R192","S07","profile_field","买房情况","Current Zhenai optional profile/mate information"
"R193","S07","profile_field","体重","Current Zhenai optional profile/mate information"
"R194","S07","profile_field","体型","Current Zhenai optional profile/mate information"
"R195","S07","profile_field","个人爱好","Current Zhenai optional profile/mate information"
"R196","S07","profile_field","星座","Current Zhenai optional profile/mate information"
"R197","S07","profile_field","民族","Current Zhenai optional profile/mate information"
"R198","S07","profile_field","真实头像","Current Zhenai optional profile/mate information"
"R199","S07","profile_field","择偶条件","Current Zhenai optional profile/mate information"
"R200","S07","parent_match_field","性别","Fields used in parent-assisted matching"
"R201","S07","parent_match_field","年龄","Fields used in parent-assisted matching"
"R202","S07","parent_match_field","身高","Fields used in parent-assisted matching"
"R203","S07","parent_match_field","学历","Fields used in parent-assisted matching"
"R204","S07","parent_match_field","职业","Fields used in parent-assisted matching"
"R205","S07","parent_match_field","收入范围","Fields used in parent-assisted matching"
"R206","S07","parent_match_field","工作地","Fields used in parent-assisted matching"
"R207","S07","parent_match_field","籍贯","Fields used in parent-assisted matching"
"R208","S07","parent_match_field","婚史","Fields used in parent-assisted matching"
"R209","S07","parent_match_field","择偶标准","Fields used in parent-assisted matching"
"R210","S08","china_spouse_attribute","收入","2021 CGSS survey experiment attributes"
"R211","S08","china_spouse_attribute","房产所有权","2021 CGSS survey experiment attributes"
"R212","S08","china_spouse_attribute","教育程度","2021 CGSS survey experiment attributes"
"R213","S08","china_spouse_attribute","城乡出身","2021 CGSS survey experiment attributes"
"R214","S08","china_spouse_attribute","年龄","2021 CGSS survey experiment attributes"
"R215","S08","china_spouse_attribute","外貌","2021 CGSS survey experiment attributes"
"R216","S09","youth_preference","道德品质","2026 national youth survey: top stated considerations for Gen Z"
"R217","S09","youth_preference","三观","2026 national youth survey: top stated considerations for Gen Z"
"R218","S09","youth_preference","性格","2026 national youth survey: top stated considerations for Gen Z"
"R219","S10","survey_trait_male_pref","善良","Jiayuan 2020-2021 report: top traits valued by single men after hard indicators"
"R220","S10","survey_trait_male_pref","孝顺","Jiayuan 2020-2021 report: top traits valued by single men after hard indicators"
"R221","S10","survey_trait_male_pref","温柔","Jiayuan 2020-2021 report: top traits valued by single men after hard indicators"
"R222","S10","survey_trait_male_pref","体贴","Jiayuan 2020-2021 report: top traits valued by single men after hard indicators"
"R223","S10","survey_trait_male_pref","诚实","Jiayuan 2020-2021 report: top traits valued by single men after hard indicators"
"R224","S10","survey_trait_female_pref","有责任心","Jiayuan 2020-2021 report: top traits valued by single women after hard indicators"
"R225","S10","survey_trait_female_pref","上进","Jiayuan 2020-2021 report: top traits valued by single women after hard indicators"
"R226","S10","survey_trait_female_pref","善良","Jiayuan 2020-2021 report: top traits valued by single women after hard indicators"
"R227","S10","survey_trait_female_pref","体贴","Jiayuan 2020-2021 report: top traits valued by single women after hard indicators"
"R228","S10","survey_trait_female_pref","成熟稳重","Jiayuan 2020-2021 report: top traits valued by single women after hard indicators"
"R229","S11","life_context","稳定收入","2019 youth survey context signals; not all are mate traits"
"R230","S11","life_context","职业前景良好","2019 youth survey context signals; not all are mate traits"
"R231","S11","life_context","租房结婚可接受","2019 youth survey context signals; not all are mate traits"
"R232","S11","life_context","工作忙","2019 youth survey context signals; not all are mate traits"
"R233","S11","life_context","圈子小","2019 youth survey context signals; not all are mate traits"
"R234","S11","life_context","经济条件不理想","2019 youth survey context signals; not all are mate traits"
"R235","S12","china_online_dating_signal","教育程度","Shanghai online-dater study: interpreted partner signals/proxies"
"R236","S12","china_online_dating_signal","收入预期","Shanghai online-dater study: interpreted partner signals/proxies"
"R237","S12","china_online_dating_signal","工作能力","Shanghai online-dater study: interpreted partner signals/proxies"
"R238","S12","china_online_dating_signal","住房/房产","Shanghai online-dater study: interpreted partner signals/proxies"
"R239","S12","china_online_dating_signal","家庭背景","Shanghai online-dater study: interpreted partner signals/proxies"
"R240","S12","china_online_dating_signal","文化资源","Shanghai online-dater study: interpreted partner signals/proxies"
"R241","S13","academic_factor","温暖/可信","Ideal Standards Model factors"
"R242","S13","academic_factor","活力/吸引力","Ideal Standards Model factors"
"R243","S13","academic_factor","地位/资源","Ideal Standards Model factors"
"R244","S13","academic_factor","关系亲密/忠诚","Ideal Standards Model factors"
"R245","S13","academic_factor","激情","Ideal Standards Model factors"
"R246","S14","academic_attribute_family","温暖/可信","Worldwide study attribute families / explicit additional item"
"R247","S14","academic_attribute_family","活力/吸引力","Worldwide study attribute families / explicit additional item"
"R248","S14","academic_attribute_family","地位/资源","Worldwide study attribute families / explicit additional item"
"R249","S14","academic_attribute_family","人格特质","Worldwide study attribute families / explicit additional item"
"R250","S14","academic_attribute_family","气味良好","Worldwide study attribute families / explicit additional item"
"R251","S15","academic_factor","身体吸引/physicality","2026 study proposed preference components"
"R252","S15","academic_factor","关怀/compassion","2026 study proposed preference components"
"R253","S15","academic_factor","能力/competence","2026 study proposed preference components"
"R254","S15","academic_factor","兼容性/compatibility","2026 study proposed preference components"
"R255","S16","china_marriage_sorting","外貌","China beauty-status exchange study"
"R256","S16","china_marriage_sorting","社会经济地位","China beauty-status exchange study"
"R257","S17","youth_preference","三观相合","2025 Hongkou youth marriage white paper"
"R258","S17","youth_preference","家庭背景","2025 Hongkou youth marriage white paper"
"R259","S17","youth_preference","经济条件","2025 Hongkou youth marriage white paper"
"R260","S17","youth_preference","职业类别","2025 Hongkou youth marriage white paper"
"R261","S18","network_mate_ideal","高颜值","2026 network-society youth marriage report; mixed preference and relationship concepts"
"R262","S18","network_mate_ideal","高情绪价值","2026 network-society youth marriage report; mixed preference and relationship concepts"
"R263","S18","network_mate_ideal","高物质保障","2026 network-society youth marriage report; mixed preference and relationship concepts"
"R264","S18","network_mate_ideal","信任","2026 network-society youth marriage report; mixed preference and relationship concepts"
"R265","S18","network_mate_ideal","边界","2026 network-society youth marriage report; mixed preference and relationship concepts"
"R266","S18","network_mate_ideal","情感依赖","2026 network-society youth marriage report; mixed preference and relationship concepts"
"R267","S19","community_signal","理性稳定","Weibo trend; weak signal, not fact"
"R268","S19","community_signal","自控力","Weibo trend; weak signal, not fact"
"R269","S19","community_signal","逻辑力","Weibo trend; weak signal, not fact"
"R270","S19","community_signal","共情力","Weibo trend; weak signal, not fact"
"R271","S19","community_signal","延迟满足","Weibo trend; weak signal, not fact"
"R272","S19","community_signal","不冲动","Weibo trend; weak signal, not fact"
"R273","S19","community_signal","不冷暴力","Weibo trend; weak signal, not fact"
"R274","S19","community_signal","不翻旧账","Weibo trend; weak signal, not fact"
"R275","S19","community_signal","听得进道理","Weibo trend; weak signal, not fact"
"R276","S19","community_signal","扛得住压力","Weibo trend; weak signal, not fact"
"R277","S19","community_signal","有边界感","Weibo trend; weak signal, not fact"
"R278","S19","community_signal","会解决问题","Weibo trend; weak signal, not fact"
"R279","S20","community_content","人品","Weibo relationship-content list; weak signal, not fact"
"R280","S20","community_content","不画大饼","Weibo relationship-content list; weak signal, not fact"
"R281","S20","community_content","情绪稳定","Weibo relationship-content list; weak signal, not fact"
"R282","S20","community_content","不冷暴力","Weibo relationship-content list; weak signal, not fact"
"R283","S20","community_content","责任感","Weibo relationship-content list; weak signal, not fact"
"R284","S20","community_content","经济透明","Weibo relationship-content list; weak signal, not fact"
"R285","S20","community_content","尊重女性","Weibo relationship-content list; weak signal, not fact"
"R286","S20","community_content","三观契合","Weibo relationship-content list; weak signal, not fact"
"R287","S20","community_content","身体健康","Weibo relationship-content list; weak signal, not fact"
"R288","S20","community_content","家庭边界","Weibo relationship-content list; weak signal, not fact"
"R289","S20","community_content","愿意付出","Weibo relationship-content list; weak signal, not fact"
"R290","S20","community_content","上进心","Weibo relationship-content list; weak signal, not fact"