"raw_id","source_id","raw_layer","raw_term","target_asset","candidate_view","concept_kind","canonical_concept_v0","mapping_confidence","mapping_note"
"R001","S01","candidate_fact","年龄","Person Feature Space","A｜Profile / Reality Facts","profile_fact","年龄","high",""
"R002","S01","candidate_fact","城市","Person Feature Space","B｜Social Identity / Context","context_fact","城市","high",""
"R003","S01","candidate_fact","学历","Person Feature Space","A｜Profile / Reality Facts","profile_fact","学历","high",""
"R004","S01","candidate_fact","工作/职业","Person Feature Space","A｜Profile / Reality Facts","profile_fact","工作/职业","high",""
"R005","S01","candidate_fact","收入","Person Feature Space","A｜Profile / Reality Facts","profile_fact","收入","high",""
"R006","S01","candidate_fact","住房","Person Feature Space","A｜Profile / Reality Facts","profile_fact","住房","high",""
"R007","S01","candidate_fact","家庭背景","Person Feature Space","B｜Social Identity / Context","context_fact","家庭背景","high",""
"R008","S01","candidate_fact","婚恋意图","Person Feature Space","A｜Profile / Reality Facts","profile_fact","婚恋意图","high",""
"R009","S01","candidate_fact","孩子态度","Person Feature Space","A｜Profile / Reality Facts","profile_fact","孩子态度","high",""
"R010","S01","candidate_fact","吸烟","Person Feature Space","A｜Profile / Reality Facts","profile_fact","吸烟","high",""
"R011","S01","candidate_fact","饮酒","Person Feature Space","A｜Profile / Reality Facts","profile_fact","饮酒","high",""
"R012","S01","candidate_fact","迁移可能性","Person Feature Space","B｜Social Identity / Context","context_fact","迁移可能性","high",""
"R013","S01","relationship_trait","经济稳定性","Person Feature Space","C｜Perceived Traits / Lay Labels","lay_label","经济稳定性","medium",""
"R014","S01","relationship_trait","事业投入","Person Feature Space","F｜Lifestyle / Resource Allocation","resource_allocation","事业投入","high",""
"R015","S01","relationship_trait","日常可用时间","Person Feature Space","F｜Lifestyle / Resource Allocation","resource_allocation","日常可用时间","high",""
"R016","S01","relationship_trait","回应性","Relationship Process","G｜Relationship Process","relationship_process","回应性","high","Some items may be observed as repeated personal behavior, but meaning emerges in interaction."
"R017","S01","relationship_trait","危机可靠性","Relationship Process","G｜Relationship Process","relationship_process","危机可靠性","high","Some items may be observed as repeated personal behavior, but meaning emerges in interaction."
"R018","S01","relationship_trait","自主空间需要","Partner Need / Fit Library","H｜Compatibility / Needs / Fit","need","自主空间需要","high","May also describe the person, but content use is primarily relational fit."
"R019","S01","relationship_trait","家庭投入","Person Feature Space","F｜Lifestyle / Resource Allocation","resource_allocation","家庭投入","high",""
"R020","S01","relationship_trait","社交能量","Person Feature Space","F｜Lifestyle / Resource Allocation","resource_allocation","社交能量","high",""
"R021","S01","relationship_trait","可预测性","Person Feature Space","F｜Lifestyle / Resource Allocation","resource_allocation","可预测性","high",""
"R022","S01","relationship_trait","公平","Relationship Process","G｜Relationship Process","relationship_process","公平","high","Some items may be observed as repeated personal behavior, but meaning emerges in interaction."
"R023","S01","relationship_trait","边界尊重","Relationship Process","G｜Relationship Process","relationship_process","边界尊重","high","Some items may be observed as repeated personal behavior, but meaning emerges in interaction."
"R024","S02","person_material","外向/内向","Person Feature Space","C｜Perceived Traits / Lay Labels","person_tendency","外向/内向","medium",""
"R025","S02","person_material","谨慎/冒险","Person Feature Space","C｜Perceived Traits / Lay Labels","person_tendency","谨慎/冒险","medium",""
"R026","S02","person_material","情绪反应","Person Feature Space","C｜Perceived Traits / Lay Labels","person_tendency","情绪反应","medium",""
"R027","S02","person_material","责任倾向","Person Feature Space","C｜Perceived Traits / Lay Labels","person_tendency","责任倾向","medium",""
"R028","S02","person_material","自我控制","Person Feature Space","C｜Perceived Traits / Lay Labels","person_tendency","自我控制","medium",""
"R029","S02","person_material","依恋和防御方式","Person Feature Space","C｜Perceived Traits / Lay Labels","person_tendency","依恋和防御方式","medium",""
"R030","S02","person_material","事业与家庭排序","Person Feature Space","D｜Values / Goals / Priorities","value_goal_need","事业与家庭排序","high",""
"R031","S02","person_material","是否要孩子","Person Feature Space","D｜Values / Goals / Priorities","value_goal_need","是否要孩子","high",""
"R032","S02","person_material","钱","Person Feature Space","D｜Values / Goals / Priorities","value_goal_need","钱","high",""
"R033","S02","person_material","自由","Person Feature Space","D｜Values / Goals / Priorities","value_goal_need","自由","high",""
"R034","S02","person_material","安全","Person Feature Space","D｜Values / Goals / Priorities","value_goal_need","安全","high",""
"R035","S02","person_material","忠诚","Person Feature Space","D｜Values / Goals / Priorities","value_goal_need","忠诚","high",""
"R036","S02","person_material","陪伴需要","Partner Need / Fit Library","H｜Compatibility / Needs / Fit","need","陪伴需要","high","May also describe the person, but content use is primarily relational fit."
"R037","S02","person_material","空间需要","Partner Need / Fit Library","H｜Compatibility / Needs / Fit","need","空间需要","high","May also describe the person, but content use is primarily relational fit."
"R038","S02","person_material","认可需要","Partner Need / Fit Library","H｜Compatibility / Needs / Fit","need","认可需要","high","May also describe the person, but content use is primarily relational fit."
"R039","S02","person_material","成长需要","Partner Need / Fit Library","H｜Compatibility / Needs / Fit","need","成长需要","high","May also describe the person, but content use is primarily relational fit."
"R040","S02","person_material","逻辑能力","Person Feature Space","E｜Capabilities / Regulation","capability","逻辑能力","high",""
"R041","S02","person_material","结构化能力","Person Feature Space","E｜Capabilities / Regulation","capability","结构化能力","high",""
"R042","S02","person_material","决策能力","Person Feature Space","E｜Capabilities / Regulation","capability","决策能力","high",""
"R043","S02","person_material","作息","Person Feature Space","F｜Lifestyle / Resource Allocation","resource_allocation","作息","high",""
"R044","S02","person_material","消费","Person Feature Space","F｜Lifestyle / Resource Allocation","resource_allocation","消费","high",""
"R045","S02","person_material","运动","Person Feature Space","F｜Lifestyle / Resource Allocation","resource_allocation","运动","high",""
"R046","S02","person_material","社交","Person Feature Space","F｜Lifestyle / Resource Allocation","resource_allocation","社交","high",""
"R047","S02","person_material","饮食","Person Feature Space","F｜Lifestyle / Resource Allocation","resource_allocation","饮食","high",""
"R048","S02","person_material","整洁","Person Feature Space","F｜Lifestyle / Resource Allocation","resource_allocation","整洁","high",""
"R049","S02","person_material","冲突处理习惯","Relationship Process","G｜Relationship Process","relationship_process","冲突处理习惯","high","Some items may be observed as repeated personal behavior, but meaning emerges in interaction."
"R050","S02","person_material","原生家庭","Person Feature Space","B｜Social Identity / Context","context_state","原生家庭","high",""
"R051","S02","person_material","过去关系","Person Feature Space","B｜Social Identity / Context","context_state","过去关系","high",""
"R052","S02","person_material","工作经历","Person Feature Space","B｜Social Identity / Context","context_state","工作经历","high",""
"R053","S02","person_material","成功经历","Person Feature Space","B｜Social Identity / Context","context_state","成功经历","high",""
"R054","S02","person_material","失败经历","Person Feature Space","B｜Social Identity / Context","context_state","失败经历","high",""
"R055","S02","person_material","长期照护经历","Person Feature Space","B｜Social Identity / Context","context_state","长期照护经历","high",""
"R056","S02","person_material","创业经历","Person Feature Space","B｜Social Identity / Context","context_state","创业经历","high",""
"R057","S02","person_material","疾病经历","Person Feature Space","B｜Social Identity / Context","context_state","疾病经历","high",""
"R058","S02","person_material","失业","Person Feature Space","C｜Perceived Traits / Lay Labels","person_tendency","失业","medium",""
"R059","S02","person_material","父母生病","Person Feature Space","B｜Social Identity / Context","context_state","父母生病","high",""
"R060","S02","person_material","带孩子","Person Feature Space","B｜Social Identity / Context","context_state","带孩子","high",""
"R061","S02","person_material","债务","Person Feature Space","B｜Social Identity / Context","context_state","债务","high",""
"R062","S02","person_material","身体状态","Person Feature Space","B｜Social Identity / Context","context_state","身体状态","high",""
"R063","S02","person_material","当前压力","Person Feature Space","B｜Social Identity / Context","context_state","当前压力","high",""
"R064","S03","information_model","现实事实","Reference Model","Internal Architecture View","upper_level_view","现实事实","high",""
"R065","S03","information_model","资源分配","Reference Model","Internal Architecture View","upper_level_view","资源分配","high",""
"R066","S03","information_model","关系过程","Reference Model","Internal Architecture View","upper_level_view","关系过程","high",""
"R067","S03","information_model","生活事件领域","Reference Model","Internal Architecture View","upper_level_view","生活事件领域","high",""
"R068","S03","resource_allocation","时间","Person Feature Space","F｜Lifestyle / Resource Allocation","resource_allocation","时间","high",""
"R069","S03","resource_allocation","钱","Person Feature Space","F｜Lifestyle / Resource Allocation","resource_allocation","钱","high",""
"R070","S03","resource_allocation","精力","Person Feature Space","F｜Lifestyle / Resource Allocation","resource_allocation","精力","high",""
"R071","S03","resource_allocation","注意力","Person Feature Space","F｜Lifestyle / Resource Allocation","resource_allocation","注意力","high",""
"R072","S03","resource_allocation","空间","Person Feature Space","F｜Lifestyle / Resource Allocation","resource_allocation","空间","high",""
"R073","S03","resource_allocation","计划性","Person Feature Space","F｜Lifestyle / Resource Allocation","resource_allocation","计划性","high",""
"R074","S03","relationship_process","回应","Relationship Process","G｜Relationship Process","relationship_process","回应","high","Some items may be observed as repeated personal behavior, but meaning emerges in interaction."
"R075","S03","relationship_process","可靠","Relationship Process","G｜Relationship Process","relationship_process","可靠","high","Some items may be observed as repeated personal behavior, but meaning emerges in interaction."
"R076","S03","relationship_process","公平","Relationship Process","G｜Relationship Process","relationship_process","公平","high","Some items may be observed as repeated personal behavior, but meaning emerges in interaction."
"R077","S03","relationship_process","边界","Relationship Process","G｜Relationship Process","relationship_process","边界","high","Some items may be observed as repeated personal behavior, but meaning emerges in interaction."
"R078","S03","relationship_process","冲突","Relationship Process","G｜Relationship Process","relationship_process","冲突","high","Some items may be observed as repeated personal behavior, but meaning emerges in interaction."
"R079","S03","relationship_process","修复","Relationship Process","G｜Relationship Process","relationship_process","修复","high","Some items may be observed as repeated personal behavior, but meaning emerges in interaction."
"R080","S03","event_domain","钱","Scene Library","Scene View","scene_domain","钱","high","Not a person feature; route to scene asset."
"R081","S03","event_domain","房","Scene Library","Scene View","scene_domain","房","high","Not a person feature; route to scene asset."
"R082","S03","event_domain","工作","Scene Library","Scene View","scene_domain","工作","high","Not a person feature; route to scene asset."
"R083","S03","event_domain","家务","Scene Library","Scene View","scene_domain","家务","high","Not a person feature; route to scene asset."
"R084","S03","event_domain","孩子","Scene Library","Scene View","scene_domain","孩子","high","Not a person feature; route to scene asset."
"R085","S03","event_domain","父母","Scene Library","Scene View","scene_domain","父母","high","Not a person feature; route to scene asset."
"R086","S03","event_domain","社交","Scene Library","Scene View","scene_domain","社交","high","Not a person feature; route to scene asset."
"R087","S03","event_domain","健康","Scene Library","Scene View","scene_domain","健康","high","Not a person feature; route to scene asset."
"R088","S03","event_domain","亲密","Scene Library","Scene View","scene_domain","亲密","high","Not a person feature; route to scene asset."
"R089","S03","event_domain","迁移","Scene Library","Scene View","scene_domain","迁移","high","Not a person feature; route to scene asset."
"R090","S03","event_domain","休闲","Scene Library","Scene View","scene_domain","休闲","high","Not a person feature; route to scene asset."
"R091","S04","search_filter","地区","Person Feature Space","A｜Profile / Reality Facts","profile_fact","地区","high",""
"R092","S04","search_filter","年龄","Person Feature Space","A｜Profile / Reality Facts","profile_fact","年龄","high",""
"R093","S04","search_filter","身高","Person Feature Space","A｜Profile / Reality Facts","profile_fact","身高","high",""
"R094","S04","search_filter","婚史","Person Feature Space","B｜Social Identity / Context","context_fact","婚史","high",""
"R095","S04","search_filter","学历","Person Feature Space","A｜Profile / Reality Facts","profile_fact","学历","high",""
"R096","S04","search_filter","月薪","Person Feature Space","A｜Profile / Reality Facts","profile_fact","月薪","high",""
"R097","S04","search_filter","住房","Person Feature Space","A｜Profile / Reality Facts","profile_fact","住房","high",""
"R098","S04","search_filter","购车","Person Feature Space","A｜Profile / Reality Facts","profile_fact","购车","high",""
"R099","S04","popular_search_term","真诚","Person Feature Space","C｜Perceived Traits / Lay Labels","lay_label","真诚","high",""
"R100","S04","popular_search_term","惹人注目","Person Feature Space","A｜Profile / Reality Facts","appearance_label","惹人注目","medium","Perceived label rather than verified fact."
"R101","S04","popular_search_term","长发","Person Feature Space","A｜Profile / Reality Facts","appearance_label","长发","medium","Perceived label rather than verified fact."
"R102","S04","popular_search_term","清纯可爱","Person Feature Space","A｜Profile / Reality Facts","appearance_label","清纯可爱","medium","Perceived label rather than verified fact."
"R103","S04","popular_search_term","笑得很甜","Person Feature Space","A｜Profile / Reality Facts","appearance_label","笑得很甜","medium","Perceived label rather than verified fact."
"R104","S04","popular_search_term","文静","Person Feature Space","C｜Perceived Traits / Lay Labels","lay_label","文静","high",""
"R105","S04","popular_search_term","羞涩","Person Feature Space","C｜Perceived Traits / Lay Labels","lay_label","羞涩","high",""
"R106","S04","popular_search_term","超凡脱俗","Person Feature Space","C｜Perceived Traits / Lay Labels","lay_label","超凡脱俗","high",""
"R107","S04","popular_search_term","爱运动","Person Feature Space","F｜Lifestyle / Resource Allocation","interest_identity","爱运动","medium",""
"R108","S04","popular_search_term","野蛮女友","Person Feature Space","C｜Perceived Traits / Lay Labels","lay_label","野蛮女友","high",""
"R109","S04","popular_search_term","妩媚","Person Feature Space","A｜Profile / Reality Facts","appearance_label","妩媚","medium","Perceived label rather than verified fact."
"R110","S04","popular_search_term","端庄大方","Person Feature Space","A｜Profile / Reality Facts","appearance_label","端庄大方","medium","Perceived label rather than verified fact."
"R111","S04","popular_search_term","秀外慧中","Person Feature Space","A｜Profile / Reality Facts","appearance_label","秀外慧中","medium","Perceived label rather than verified fact."
"R112","S04","popular_search_term","小资","Person Feature Space","C｜Perceived Traits / Lay Labels","lay_label","小资","high",""
"R113","S04","popular_search_term","宅女","Person Feature Space","C｜Perceived Traits / Lay Labels","lay_label","宅女","high",""
"R114","S04","popular_search_term","高挑","Person Feature Space","A｜Profile / Reality Facts","appearance_label","高挑","medium","Perceived label rather than verified fact."
"R115","S04","popular_search_term","有气质","Person Feature Space","A｜Profile / Reality Facts","appearance_label","有气质","medium","Perceived label rather than verified fact."
"R116","S04","popular_search_term","孝顺","Person Feature Space","C｜Perceived Traits / Lay Labels","lay_label","孝顺","high",""
"R117","S04","popular_search_term","老师","Person Feature Space","F｜Lifestyle / Resource Allocation","interest_identity","老师","medium",""
"R118","S04","popular_search_term","善良","Person Feature Space","C｜Perceived Traits / Lay Labels","lay_label","善良","high",""
"R119","S04","popular_search_term","个性","Person Feature Space","C｜Perceived Traits / Lay Labels","lay_label","个性","high",""
"R120","S04","popular_search_term","活泼开朗","Person Feature Space","C｜Perceived Traits / Lay Labels","lay_label","活泼开朗","high",""
"R121","S04","popular_search_term","理财","Person Feature Space","C｜Perceived Traits / Lay Labels","lay_label","理财","high",""
"R122","S04","popular_search_term","成熟大气","Person Feature Space","C｜Perceived Traits / Lay Labels","lay_label","成熟大气","high",""
"R123","S04","popular_search_term","性感风情","Person Feature Space","A｜Profile / Reality Facts","appearance_label","性感风情","medium","Perceived label rather than verified fact."
"R124","S04","popular_search_term","骨感","Person Feature Space","A｜Profile / Reality Facts","appearance_label","骨感","medium","Perceived label rather than verified fact."
"R125","S05","profile_field","性别","Person Feature Space","A｜Profile / Reality Facts","profile_fact","性别","high",""
"R126","S05","profile_field","年龄","Person Feature Space","A｜Profile / Reality Facts","profile_fact","年龄","high",""
"R127","S05","profile_field","身高","Person Feature Space","A｜Profile / Reality Facts","profile_fact","身高","high",""
"R128","S05","profile_field","体重","Person Feature Space","A｜Profile / Reality Facts","profile_fact","体重","high",""
"R129","S05","profile_field","学历","Person Feature Space","A｜Profile / Reality Facts","profile_fact","学历","high",""
"R130","S05","profile_field","婚姻状况","Person Feature Space","A｜Profile / Reality Facts","profile_fact","婚姻状况","high",""
"R131","S05","profile_field","所在地","Person Feature Space","B｜Social Identity / Context","context_fact","所在地","high",""
"R132","S05","profile_field","月薪区间","Person Feature Space","A｜Profile / Reality Facts","profile_fact","月薪区间","high",""
"R133","S05","profile_field","住房情况","Person Feature Space","A｜Profile / Reality Facts","profile_fact","住房情况","high",""
"R134","S05","profile_field","购车情况","Person Feature Space","A｜Profile / Reality Facts","profile_fact","购车情况","high",""
"R135","S05","profile_field","籍贯","Person Feature Space","B｜Social Identity / Context","context_fact","籍贯","high",""
"R136","S05","profile_field","户口","Person Feature Space","B｜Social Identity / Context","context_fact","户口","high",""
"R137","S05","profile_field","血型","Person Feature Space","A｜Profile / Reality Facts","profile_fact","血型","high",""
"R138","S05","profile_field","民族","Person Feature Space","B｜Social Identity / Context","context_fact","民族","high",""
"R139","S05","profile_field","毕业院校","Person Feature Space","A｜Profile / Reality Facts","profile_fact","毕业院校","high",""
"R140","S05","profile_field","公司类型","Person Feature Space","A｜Profile / Reality Facts","profile_fact","公司类型","high",""
"R141","S05","profile_field","职业","Person Feature Space","A｜Profile / Reality Facts","profile_fact","职业","high",""
"R142","S05","profile_field","是否抽烟","Person Feature Space","A｜Profile / Reality Facts","profile_fact","是否抽烟","high",""
"R143","S05","profile_field","是否喝酒","Person Feature Space","A｜Profile / Reality Facts","profile_fact","是否喝酒","high",""
"R144","S05","profile_field","是否有孩子","Person Feature Space","A｜Profile / Reality Facts","profile_fact","是否有孩子","high",""
"R145","S05","profile_field","是否想要孩子","Person Feature Space","A｜Profile / Reality Facts","profile_fact","是否想要孩子","high",""
"R146","S05","profile_field","何时结婚","Person Feature Space","A｜Profile / Reality Facts","profile_fact","何时结婚","high",""
"R147","S05","profile_field","性格","Person Feature Space","A｜Profile / Reality Facts","profile_fact","性格","high",""
"R148","S05","profile_field","外形","Person Feature Space","A｜Profile / Reality Facts","profile_fact","外形","high",""
"R149","S05","profile_field","个性标签","Person Feature Space","A｜Profile / Reality Facts","profile_fact","个性标签","high",""
"R150","S05","profile_field","运动爱好","Person Feature Space","A｜Profile / Reality Facts","profile_fact","运动爱好","high",""
"R151","S05","profile_field","美食爱好","Person Feature Space","A｜Profile / Reality Facts","profile_fact","美食爱好","high",""
"R152","S05","profile_field","旅游足迹","Person Feature Space","A｜Profile / Reality Facts","profile_fact","旅游足迹","high",""
"R153","S05","mate_condition_field","择偶年龄","Person Feature Space","A｜Profile / Reality Facts","profile_fact","择偶年龄","high",""
"R154","S05","mate_condition_field","择偶身高","Person Feature Space","A｜Profile / Reality Facts","profile_fact","择偶身高","high",""
"R155","S05","mate_condition_field","择偶所在地","Person Feature Space","A｜Profile / Reality Facts","profile_fact","择偶所在地","high",""
"R156","S05","mate_condition_field","择偶学历","Person Feature Space","A｜Profile / Reality Facts","profile_fact","择偶学历","high",""
"R157","S05","mate_condition_field","择偶居住地","Person Feature Space","A｜Profile / Reality Facts","profile_fact","择偶居住地","high",""
"R158","S05","mate_condition_field","择偶婚姻状况","Person Feature Space","A｜Profile / Reality Facts","profile_fact","择偶婚姻状况","high",""
"R159","S06","self_description_tag","完美主义","Person Feature Space","C｜Perceived Traits / Lay Labels","lay_label","完美主义","high",""
"R160","S06","self_description_tag","冷静","Person Feature Space","C｜Perceived Traits / Lay Labels","lay_label","冷静","high",""
"R161","S06","self_description_tag","稳重","Person Feature Space","C｜Perceived Traits / Lay Labels","lay_label","稳重","high",""
"R162","S06","self_description_tag","爱挑战","Person Feature Space","C｜Perceived Traits / Lay Labels","lay_label","爱挑战","high",""
"R163","S06","self_description_tag","有责任心","Relationship Process","G｜Relationship Process","relationship_process","有责任心","high","Some items may be observed as repeated personal behavior, but meaning emerges in interaction."
"R164","S06","self_description_tag","开朗","Person Feature Space","C｜Perceived Traits / Lay Labels","lay_label","开朗","high",""
"R165","S06","self_description_tag","包容","Person Feature Space","C｜Perceived Traits / Lay Labels","lay_label","包容","high",""
"R166","S06","self_description_tag","乐观","Person Feature Space","C｜Perceived Traits / Lay Labels","lay_label","乐观","high",""
"R167","S06","self_description_tag","游泳","Person Feature Space","F｜Lifestyle / Resource Allocation","interest_identity","游泳","medium",""
"R168","S06","self_description_tag","NBA","Person Feature Space","F｜Lifestyle / Resource Allocation","interest_identity","NBA","medium",""
"R169","S06","self_description_tag","画画","Person Feature Space","F｜Lifestyle / Resource Allocation","interest_identity","画画","medium",""
"R170","S06","self_description_tag","美食","Person Feature Space","F｜Lifestyle / Resource Allocation","interest_identity","美食","medium",""
"R171","S06","self_description_tag","运动","Person Feature Space","F｜Lifestyle / Resource Allocation","resource_allocation","运动","high",""
"R172","S06","self_description_tag","话剧","Person Feature Space","F｜Lifestyle / Resource Allocation","interest_identity","话剧","medium",""
"R173","S06","self_description_tag","帅","Person Feature Space","A｜Profile / Reality Facts","appearance_label","帅","medium","Perceived label rather than verified fact."
"R174","S06","self_description_tag","比较瘦","Person Feature Space","A｜Profile / Reality Facts","appearance_label","比较瘦","medium","Perceived label rather than verified fact."
"R175","S06","self_description_tag","有腹肌","Person Feature Space","A｜Profile / Reality Facts","appearance_label","有腹肌","medium","Perceived label rather than verified fact."
"R176","S06","self_description_tag","有男人味","Person Feature Space","A｜Profile / Reality Facts","appearance_label","有男人味","medium","Perceived label rather than verified fact."
"R177","S06","self_description_tag","自己创业","Person Feature Space","F｜Lifestyle / Resource Allocation","interest_identity","自己创业","medium",""
"R178","S06","self_description_tag","在私企","Person Feature Space","F｜Lifestyle / Resource Allocation","interest_identity","在私企","medium",""
"R179","S06","self_description_tag","在国企","Person Feature Space","F｜Lifestyle / Resource Allocation","interest_identity","在国企","medium",""
"R180","S06","self_description_tag","外企","Person Feature Space","F｜Lifestyle / Resource Allocation","interest_identity","外企","medium",""
"R181","S06","self_description_tag","胖子","Person Feature Space","A｜Profile / Reality Facts","appearance_label","胖子","medium","Perceived label rather than verified fact."
"R182","S06","self_description_tag","话唠","Person Feature Space","C｜Perceived Traits / Lay Labels","lay_label","话唠","high",""
"R183","S06","self_description_tag","潮男","Person Feature Space","A｜Profile / Reality Facts","appearance_label","潮男","medium","Perceived label rather than verified fact."
"R184","S06","self_description_tag","工作狂","Person Feature Space","C｜Perceived Traits / Lay Labels","lay_label","工作狂","high",""
"R185","S07","profile_field","工作地区","Person Feature Space","B｜Social Identity / Context","context_fact","工作地区","high",""
"R186","S07","profile_field","身高","Person Feature Space","A｜Profile / Reality Facts","profile_fact","身高","high",""
"R187","S07","profile_field","学历","Person Feature Space","A｜Profile / Reality Facts","profile_fact","学历","high",""
"R188","S07","profile_field","月收入区间","Person Feature Space","A｜Profile / Reality Facts","profile_fact","月收入区间","high",""
"R189","S07","profile_field","籍贯","Person Feature Space","B｜Social Identity / Context","context_fact","籍贯","high",""
"R190","S07","profile_field","职业","Person Feature Space","A｜Profile / Reality Facts","profile_fact","职业","high",""
"R191","S07","profile_field","买车情况","Person Feature Space","A｜Profile / Reality Facts","profile_fact","买车情况","high",""
"R192","S07","profile_field","买房情况","Person Feature Space","A｜Profile / Reality Facts","profile_fact","买房情况","high",""
"R193","S07","profile_field","体重","Person Feature Space","A｜Profile / Reality Facts","profile_fact","体重","high",""
"R194","S07","profile_field","体型","Person Feature Space","A｜Profile / Reality Facts","profile_fact","体型","high",""
"R195","S07","profile_field","个人爱好","Person Feature Space","A｜Profile / Reality Facts","profile_fact","个人爱好","high",""
"R196","S07","profile_field","星座","Person Feature Space","A｜Profile / Reality Facts","profile_fact","星座","high",""
"R197","S07","profile_field","民族","Person Feature Space","B｜Social Identity / Context","context_fact","民族","high",""
"R198","S07","profile_field","真实头像","Person Feature Space","A｜Profile / Reality Facts","profile_fact","真实头像","high",""
"R199","S07","profile_field","择偶条件","Person Feature Space","A｜Profile / Reality Facts","profile_fact","择偶条件","high",""
"R200","S07","parent_match_field","性别","Person Feature Space","A｜Profile / Reality Facts","profile_fact","性别","high",""
"R201","S07","parent_match_field","年龄","Person Feature Space","A｜Profile / Reality Facts","profile_fact","年龄","high",""
"R202","S07","parent_match_field","身高","Person Feature Space","A｜Profile / Reality Facts","profile_fact","身高","high",""
"R203","S07","parent_match_field","学历","Person Feature Space","A｜Profile / Reality Facts","profile_fact","学历","high",""
"R204","S07","parent_match_field","职业","Person Feature Space","A｜Profile / Reality Facts","profile_fact","职业","high",""
"R205","S07","parent_match_field","收入范围","Person Feature Space","A｜Profile / Reality Facts","profile_fact","收入范围","high",""
"R206","S07","parent_match_field","工作地","Person Feature Space","B｜Social Identity / Context","context_fact","工作地","high",""
"R207","S07","parent_match_field","籍贯","Person Feature Space","B｜Social Identity / Context","context_fact","籍贯","high",""
"R208","S07","parent_match_field","婚史","Person Feature Space","B｜Social Identity / Context","context_fact","婚史","high",""
"R209","S07","parent_match_field","择偶标准","Person Feature Space","A｜Profile / Reality Facts","profile_fact","择偶标准","high",""
"R210","S08","china_spouse_attribute","收入","Person Feature Space","A｜Profile / Reality Facts","profile_fact","收入","high",""
"R211","S08","china_spouse_attribute","房产所有权","Person Feature Space","A｜Profile / Reality Facts","profile_fact","房产所有权","high",""
"R212","S08","china_spouse_attribute","教育程度","Person Feature Space","A｜Profile / Reality Facts","profile_fact","教育程度","high",""
"R213","S08","china_spouse_attribute","城乡出身","Person Feature Space","B｜Social Identity / Context","context_fact","城乡出身","high",""
"R214","S08","china_spouse_attribute","年龄","Person Feature Space","A｜Profile / Reality Facts","profile_fact","年龄","high",""
"R215","S08","china_spouse_attribute","外貌","Person Feature Space","A｜Profile / Reality Facts","profile_fact","外貌","high",""
"R216","S09","youth_preference","道德品质","Person Feature Space","D｜Values / Goals / Priorities","value_goal_need","道德品质","high",""
"R217","S09","youth_preference","三观","Person Feature Space","D｜Values / Goals / Priorities","value_goal_need","三观","high",""
"R218","S09","youth_preference","性格","Person Feature Space","C｜Perceived Traits / Lay Labels","lay_label","性格","high",""
"R219","S10","survey_trait_male_pref","善良","Person Feature Space","C｜Perceived Traits / Lay Labels","lay_label","善良","high",""
"R220","S10","survey_trait_male_pref","孝顺","Person Feature Space","C｜Perceived Traits / Lay Labels","lay_label","孝顺","high",""
"R221","S10","survey_trait_male_pref","温柔","Person Feature Space","C｜Perceived Traits / Lay Labels","lay_label","温柔","high",""
"R222","S10","survey_trait_male_pref","体贴","Relationship Process","G｜Relationship Process","relationship_process","体贴","high","Some items may be observed as repeated personal behavior, but meaning emerges in interaction."
"R223","S10","survey_trait_male_pref","诚实","Relationship Process","G｜Relationship Process","relationship_process","诚实","high","Some items may be observed as repeated personal behavior, but meaning emerges in interaction."
"R224","S10","survey_trait_female_pref","有责任心","Relationship Process","G｜Relationship Process","relationship_process","有责任心","high","Some items may be observed as repeated personal behavior, but meaning emerges in interaction."
"R225","S10","survey_trait_female_pref","上进","Person Feature Space","C｜Perceived Traits / Lay Labels","lay_label","上进","high",""
"R226","S10","survey_trait_female_pref","善良","Person Feature Space","C｜Perceived Traits / Lay Labels","lay_label","善良","high",""
"R227","S10","survey_trait_female_pref","体贴","Relationship Process","G｜Relationship Process","relationship_process","体贴","high","Some items may be observed as repeated personal behavior, but meaning emerges in interaction."
"R228","S10","survey_trait_female_pref","成熟稳重","Person Feature Space","C｜Perceived Traits / Lay Labels","lay_label","成熟稳重","high",""
"R229","S11","life_context","稳定收入","Person Feature Space","F｜Lifestyle / Resource Allocation","resource_allocation","稳定收入","high",""
"R230","S11","life_context","职业前景良好","Person Feature Space","F｜Lifestyle / Resource Allocation","resource_allocation","职业前景良好","high",""
"R231","S11","life_context","租房结婚可接受","Context / Constraint","B｜Social Identity / Context","life_context","租房结婚可接受","medium","Context signal, not necessarily a mate trait."
"R232","S11","life_context","工作忙","Person Feature Space","F｜Lifestyle / Resource Allocation","resource_allocation","工作忙","high",""
"R233","S11","life_context","圈子小","Person Feature Space","F｜Lifestyle / Resource Allocation","resource_allocation","圈子小","high",""
"R234","S11","life_context","经济条件不理想","Context / Constraint","B｜Social Identity / Context","life_context","经济条件不理想","medium","Context signal, not necessarily a mate trait."
"R235","S12","china_online_dating_signal","教育程度","Person Feature Space","A｜Profile / Reality Facts","profile_fact","教育程度","high",""
"R236","S12","china_online_dating_signal","收入预期","Person Feature Space","A｜Profile / Reality Facts","profile_signal","收入预期","high",""
"R237","S12","china_online_dating_signal","工作能力","Person Feature Space","E｜Capabilities / Regulation","capability","工作能力","high",""
"R238","S12","china_online_dating_signal","住房/房产","Person Feature Space","A｜Profile / Reality Facts","profile_signal","住房/房产","high",""
"R239","S12","china_online_dating_signal","家庭背景","Person Feature Space","B｜Social Identity / Context","context_state","家庭背景","high",""
"R240","S12","china_online_dating_signal","文化资源","Person Feature Space","B｜Social Identity / Context","context_signal","文化资源","high",""
"R241","S13","academic_factor","温暖/可信","Reference Model","Reference View","academic_factor","温暖/可信","high","Reference-model construct; should map to user language, not be used directly as a content tag."
"R242","S13","academic_factor","活力/吸引力","Reference Model","Reference View","academic_factor","活力/吸引力","high","Reference-model construct; should map to user language, not be used directly as a content tag."
"R243","S13","academic_factor","地位/资源","Reference Model","Reference View","academic_factor","地位/资源","high","Reference-model construct; should map to user language, not be used directly as a content tag."
"R244","S13","academic_factor","关系亲密/忠诚","Relationship Process","G｜Relationship Process","relationship_process","关系亲密/忠诚","high","Some items may be observed as repeated personal behavior, but meaning emerges in interaction."
"R245","S13","academic_factor","激情","Reference Model","Reference View","academic_factor","激情","high","Reference-model construct; should map to user language, not be used directly as a content tag."
"R246","S14","academic_attribute_family","温暖/可信","Reference Model","Reference View","academic_factor","温暖/可信","high","Reference-model construct; should map to user language, not be used directly as a content tag."
"R247","S14","academic_attribute_family","活力/吸引力","Reference Model","Reference View","academic_factor","活力/吸引力","high","Reference-model construct; should map to user language, not be used directly as a content tag."
"R248","S14","academic_attribute_family","地位/资源","Reference Model","Reference View","academic_factor","地位/资源","high","Reference-model construct; should map to user language, not be used directly as a content tag."
"R249","S14","academic_attribute_family","人格特质","Reference Model","Reference View","academic_factor","人格特质","high","Reference-model construct; should map to user language, not be used directly as a content tag."
"R250","S14","academic_attribute_family","气味良好","Reference Model","Reference View","academic_factor","气味良好","high","Reference-model construct; should map to user language, not be used directly as a content tag."
"R251","S15","academic_factor","身体吸引/physicality","Reference Model","Reference View","academic_factor","身体吸引/physicality","high","Reference-model construct; should map to user language, not be used directly as a content tag."
"R252","S15","academic_factor","关怀/compassion","Reference Model","Reference View","academic_factor","关怀/compassion","high","Reference-model construct; should map to user language, not be used directly as a content tag."
"R253","S15","academic_factor","能力/competence","Reference Model","Reference View","academic_factor","能力/competence","high","Reference-model construct; should map to user language, not be used directly as a content tag."
"R254","S15","academic_factor","兼容性/compatibility","Reference Model","Reference View","academic_factor","兼容性/compatibility","high","Reference-model construct; should map to user language, not be used directly as a content tag."
"R255","S16","china_marriage_sorting","外貌","Person Feature Space","A｜Profile / Reality Facts","profile_fact","外貌","high",""
"R256","S16","china_marriage_sorting","社会经济地位","Person Feature Space","A｜Profile / Reality Facts","profile_fact","社会经济地位","high",""